name,totalCred,github,discourse,address,discord,discordId,id
kristofer,"2577,613686",kristoferlund,kristoferlund,0xa32aECda752cF4EF89956e83d60C04835d4FA867,kristofer#1475,"3,88385E+17",['SKwe7tLJqd1Q5idLJackbQ']
griff,"1575,197311",,,0x839395e20bbB182fa440d08F850E6c7A8f6F0780,,,['ET0yY6EZd8gYCWBNobntGw']
mattyg,"1525,731534",mattyg,mattyjee,0x182312C44a219fD492F3aE177D11120a3CcD2EF3,mattyjee#8621,"8,8444E+17",['RprQksdQTwJi71xNWAt2Wg']
tamara,"1496,975096",tamarandom,tamara,0xcf79C7EaEC5BDC1A9e32D099C5D6BdF67E4cF6e8,tam2140#9361,"7,51418E+17",['BOpBtopaQXL8lQeTmted3A']
liviade,"850,9834423",liviade1,liviade,0xF8D1d34956cEa24718cf8687588D6FeDbc6d9AA6,liviade#1387,"4,80023E+17",['XCvAJKrkF9714dUKaUZExg']
divine-comedian,"806,7826021",divine-comedian,divine_comedian,0x320c338BCF70bAAaE26e96201C33B48105Bc62C2,divine_comedian#5493,"2,8802E+17",['Hakw7z8Zrf2vnbpz1FPfrg']
marthendalnunes,"787,1880366",,,,,,['sajBddm8qlGdY7Qt8GQmbQ']
zeptimus,"774,4582402",zeptimus,zeptimusq,0xaa79B87DC8B046A5E4f7D03F1562D7fe5BF98737,zeptimus#3359,"1,8388E+17",['GZcrLnnCM7qtee2QxoMF9g']
pkrepe,"687,2936781",,,,,,['rSpBhk4ACkT3jOMDdx4c7Q']
sem,"654,9537011",,,0x970f31FfC1429c75B0bc56c42e92a58198E858cf,,,['OYPr6j4d4IlPBlfwmnmWNg']
vyvy-vi,"598,3370392",,,0x2fA130927814B590623031e846f059df9554FdDe,,,"['7iQuAWGd9k837zm3NTRavg', 'WWoIxvpkUqI5NWoG6DEXiw']"
nuggan,"585,0382563",0xNuggan,0xNuggan,0x0Bf920dfE6D36829aB5b0e153857D4CA689E46fB,Nuggan#5183,"7,15E+17",['r0vZG1IXLmoVZ49GgHKJ8Q']
jessicazartler,"549,2665971",,,0xb2821C0DF0c414ff51D3e8033CBA26DF6AaC587b,,,['4ap2sqiWg4qMj36zgeANKg']
juankbell,"461,1260682",juankbell,juankbell,0x7d547666209755FB833f9B37EebEa38eBF513Abb,juankbell#7458,"7,49991E+17",['duekPnf8mUPCXp5ygxFEzg']
markop,"460,7093375",,,0xF27838B0c3bA2eEe13B6eD3Fe13a90ef7b57a2cc,,,['sGrwHA6gJEhDAErTGMcq0w']
nebs-dev,"383,5510496",nebs-dev,nebs,0x16E26789b4052815d450043A637b368bfB3ea63A,nebs#2035,"9,10181E+17",['hyLKveQvjLYbr3PZJgDsng']
eduardovegap,"382,1080959",eduardovegap,vegayp,0x1d921dff757610FbDB0073479e12c0a07d382677,eduardovegap#0422,"5,73648E+17",['NxVE6uDlQPByNRx1B0CyGA']
iviangita,"348,3576446",,,0xA3FcC4d905f381C5e9392207Bf7918ef01B1ba44,,,['7TOOsLar5Jnk7IAu0EIqiw']
mendesfabio,"346,8982627",,,0xE64F06F695De4C4E21BA8F383a2675Fd884Ac720,,,['G9OdZJeyTg2EFxDFPDjtLQ']
chuygarcia92,"324,9870779",chuygarcia92,chuygarcia92,0xB22981bA3FE1De2325935c91a3B717168fB86714,chuygarcia.eth#6692,"7,27934E+17",['ZWNbgl1noFkSqr37CyhGow']
kevinknielsen,"293,9205638",,  couldn't find,,,,['0D5wUqAy7Z0kwDXVki5rTw']
ygg-anderson,"277,6195251",LinuxIsCool,,0x763d7D362B59aeA3858a92a302e18cd41b1252d4,ygg_anderson#4998,"6,59829E+17",['ip2eEaDGiz7ydHaUOAJetA']
mount-manu,"257,063102",,,0xa2ef65aEcecb83cd1bD3579A8669779099317952,,,['c6OUrobvVXjorSmWOC0kCA']
natesuits,"250,6351116",,,0x66dF5A7715C5D4AfbBFA52435c66aa20733be0d1,,,"['iWqqv2iETnRkT97bJGtmhg', 'NejxDy8PXdAa9uRrRvrdSw']"
freedumbs00,"226,4594863",,didn't find,,,,['YZFeL0BE1YdlCdiZULyZcQ']
gideonro,"218,2631973",,gideonro,0xB08F0ca73E8A59a1b7970e22B8ed2F9142c3fA53,gideonro#3175,"3,43471E+17",['464rDE6RHDwC8DNYqcnkUA']
santigs,"216,7567469",santigs,santigs,0x9194b1713A8E07Bc47B90Fb7937E28e09b6cd100,santigs#9769,"4,34632E+17",['VSm6fQE2OqXQEp6e52kAbg']
natenatesoo,"181,4705979",,,0x66dF5A7715C5D4AfbBFA52435c66aa20733be0d1,,,['kRYFk7ZHQarYRekF4YUDDw']
pmespresso,"161,4158394",,didn't find,,,,['rX3hvE2NFLHy7g6Ry3P0SA']
suga,"156,9900314",danelsuga,suga,0x2fEe53687906bA239602eD42CCEee2aC8A4ADa36,suga#8514,"7,86575E+17","['ReYHrv8KxmqyJmOF038YOw', 'QRhOc6NFX7F2HNXbZf0ZzQ']"
fabriziovigevani,"139,0160186",DIDN'T FIND,,,,,['ZQUaMankgsN2Uq2nDhx2mg']
hernandoagf,"137,7680735",DIDN'T FIND,,,,,['Fxfmps6Ei9xbZFJ3lrQMkA']
rperez89,"133,0964394",DIDN'T FIND,,,,,['bjnndH4HokQLURvU2ZBnGA']
jeffemmett,"125,0163978",,,0x778549Eb292AC98A96a05E122967f22eFA003707,,,['zpOhAq0V2ekJ8JTz7vZ7OQ']
laurenluz,"121,7520896",laurenluz,laurenluz,0xC46c67Bb7E84490D7EbdD0b8ecDaca68Cf3823F4,karmaticacid#1218,"4,92394E+17",['FE8bRvmLfmv6zKfrVDe8Kw']
ddan,"116,0787187",,,0x94860EA6872d863E91f3Ce3f8cF574Ef0859620b,,,['uLxpHZxGaW9BGmSdWYgRaA']
pjcolombo,"113,8682031",DIDN'T FIND,,,,,['qg032DF3AY9rtOCPMxxPzw']
mateo-daza,"112,2373987",,,0x00d18ca9782bE1CaEF611017c2Fbc1a39779A57C,mateodaza#3156,"6,92169E+17",['SW3QLzfLRvQkXcmy4MxMNg']
angeldebenji,"112,1848723",DIDN'T FIND,,,,,['1A8G9FAAkjbVVqa2s3kuKw']
tylerboardroom,"109,8186921",DIDN'T FIND,,,,,['xhOcQzwGWNJRrarQuPLglQ']
tonga,"108,4295668",,,0x6F4A8930Ef9C175eC0F3F63A97686d5c505e0E32,,,['TzIeoV93DiaIbB0N96YseQ']
solsista,"102,8251069",,,0x949Bba9F1C13F2461835366AEBcb53c852dd4308,,,['qHmKcWP1VSZwp7pEXtatJA']
zxqx,"98,85627909",DIDNT FIND,,,,,['52RNq9lhLGMtrZpNRldJsQ']
crisog,"94,42847702",DIDNT FIND,,,,,['6vWueYzqtrbQnDrYqxJy7Q']
akrtws,"89,28179997",,,0x852B8763ECB27bEdDC190d1792029bc17FD5439a,,,"['59i8fD5Sk3nFVVtJhRyUQg', 'KXZYLtObtXWVwGh2hqSdDQ']"
sudheerdev,"88,60265219",DIDNT FIND,,,,,['cqQecgI9lvbS9DAQvVwuNg']
cranders1,"73,70927646",cranders1,cranders1,0x536c7E8F18D09d04697E0d2624b44bBA575388c2,amwfund#0979,"6,55145E+17",['2xX69XcgLBvkq5ZwV2y7rw']
hurek,"72,0718149",DIDNT FIND,,,,,['DUosng8s9oJ7T9nlsOjbvg']
blazingthirdeye,"74,25725948",,,,,,"['HLXHQgFzO8IEKx8D4z2gNA', 'X6EJkYl3phqfJ4Jw563Fqg']"
jds3d,"67,93954563",,,,,,['pg4JNwNv9881Vl9BsRsvnQ']
linuxiscool,"67,85449689",linuxiscool,ygg_anderson,0x763d7D362B59aeA3858a92a302e18cd41b1252d4,ygg_anderson#4998,"6,59829E+17",['elMNuPEwhDJbWWcKEbOJ1Q']
willjgriff,"66,87547196",didnt find,,,,,['LEw4ujPRRRn6HZabOodtJw']
graial,"66,38116405",,,0x05a45e7416C77C822e24e9679af29D1f07589b40,,,"['Ge8I1Vymxltyeb517Hdq6A', '1qwsNNyymsRRm5H5HYj1pQ']"
mrsbadgerface,"78,23441153",,,0x8041748a2A16e9B7A3980107f4376774421642c8,,,"['8CYWWHWr2szCJPfLpIYA4w', 'u6jl5EaAQvBzzwuKlUMT2A']"
tree-pi,"57,36017381",,,0x1f83A7b86480E6142A85558Ef6999f6091041906,,,['ZYk4OC45GooRx7cnH4wPbA']
gene,"53,99838948",csggene3,gene,0x4318cC449b1cbE6d64dd82E16abE58C79E076C2B,r33pich33p#6906,"3,36424E+17","['y50K8dyQbtgK0QdpplO88g', '9HqWd1orTwRtbxeSJRS44Q']"
vivianedias,"51,84749349",,,,,,['l1RBzLX5AADhl3VueDRagA']
yarode,"51,53342431",,,,,,['W7hRsGkW9A65mX699583ag']
octopus,"51,4091194",,,0x77d40c87D423eFb7ec576e80998A48377Adf86dF,,,['xs8UmxH3fbDTr4roq2AEVw']
wslyvh,"49,3882348",,,0x8289432ACD5EB0214B1C2526A5EDB480Aa06A9ab,,,['MOaLoPwjNKj1FARh0QOY3A']
al0ysi0us,"59,97816315",,,0x1c1BFC1763C8E88FcccE1B57eEfc79a461FA4944,,,"['2IvGvXRbmQH2X6IM8sRyFQ', 'kasDSxZf75ZmolF34Jy7KA']"
maghaali,"44,11765124",,,,,,"['iWK8bkU8dLtWhxqrijIlow', '5mvNbmnlyM1mHBJpcVxYAw']"
hozzjss,"40,22172396",,,0xC19A8A1E9f2059138A3D11a7335FD215694e088a,,,['6l82wRUzsNvi3eJXfWQ82w']
heater,"40,18488692",,heater,0x57F540a736a647EF2d2Ef9Cd823C4a4e655858a4,heater#9765,"7,65318E+17","['w7FJSpfMI7GsvkhgENYKuA', 'X6dWRUKBPmGsaD522BWXgQ']"
nickmartitsch,"39,93306904",,,,,,['51GoAKy7cZsg9yD2T2L6Gg']
innov8tor3,"36,53461058",,,0xBCAD90F4a1ED4067d9bC33D4089FF18A82250253,,,['HnkEOwNtdmBikgtjhZxPOA']
vercel,"36,32579414",,,,,,"['lrcptYmJmPNOZ17KAyHWnw', 'k9yJaqGR4P6T6KoVeE4guA']"
mzargham,"47,39275853",mzargham,mzargham,0xDF290293C4A4d6eBe38Fd7085d7721041f927E0a,mz#3472,"2,50087E+17","['y6pL386gxC0Z0LQMeTkbgg', 'opj8PvMI0DksLURbzRdvlw']"
big-gray-al,"35,83900139",,,0x05a45e7416C77C822e24e9679af29D1f07589b40,,,['geAOXOaaaNuJ9kYPIxL9oQ']
naomi-lgbt,"35,78865329",,,,,,['Pp88OtKntpnQNeXxvNzJeg']
paulo-,"34,75213201",,,,,,['ayg2FKe6lH9vsj14xojEhQ']
costa,"34,20225014",costa91,costa,0x741670C5085Da689944FAA9543E9aB610a00A06d,costa#7828,"2,16946E+17","['UreDAOIq3VmpyZWLNS2aYA', '0ln5ak0oj7XcoNhOw4C2gw']"
rosamoc,"33,49408678",,,,,,['8traortlh07mubQ9zCJXHA']
cfwhisperer,"32,65863036",,,0x457Ea659aAAbD496550264c6d9d6351666f2fB4b,,,['2L8lbyJPuEL0UVj3T5Bi7A']
metaverde,"32,60722412",,,0x8Aac40061E258d6e45Fd13E214710ABDF356285a,,,['lArgWtMBN0owKafQaXpdgg']
evalir,"31,72289015",,,,,,"['3lsGvixr3nj1MBlV7ZuwrQ', 'XVvw6zXG5jBdbfEVmBqAIg']"
durgadas,"31,5925481",durgadasji,durgadas,0xfF6d6a7718A234A84f740480Dbb07f6c09cF1cD5,durgadas#9280,"2,49005E+17",['i36ZRsX2r4eeBhxaRAwh0Q']
anthonyoliai,"31,1614303",,,,,,['hR43q3TZ1ZCjpb1V83pNLg']
tangbaifeng,"30,89871639",,,,,,['n2ZY2ZDePOvHV6q36tlF5w']
letty,"29,70252798",,letty,0x66D9dfddC3AD45d6383D5B9e9354F60Bc9D16A8e,letty#5399,"7,70813E+17","['lA284bvU4x5gSQsXS97TJA', 'nYfvaCxohRLXJXwljWlfYg']"
tannr,"29,26101691",,,,,,['Gm69GgxjGEwe9MAS2sNobQ']
kojak,"28,41692307",,,0xe3181f4596509af72d684D89947DF309f41F65FF,,,"['cvVub3CxNehm20E3F11bIg', 'NR1vgm0YH7dvrw4bRH3cKA']"
krisjpi,"28,11650353",,,0xeC952ED8e7c2AA466cac36fD611D2E87Df1243D7,,,['EC9pQPO2Dkr6vrba8yIKzA']
acidlazzer,"50,9102448",acidlazzer,acidlazzer,0x8aA27E90E139d5AB5704df69429341cbCb2d2464,acidlazzer#5796,"5,87095E+17","['fkXSL37MUORONdyIp2K9eQ', 'rd6qGYHvn81xReTMs1Od2w', 'z69qVwL36bFEZty3aINo2A']"
daithi,"27,54414862",,,,,,['XVC5wlG8vSjV5ZS3OR9MXg']
bends,"27,48007968",,bends,0x1E975f53956d644868F3eA25690b1bbEda658565,bends#3537,"8,05467E+17",['jRg49FB3TkQOvOdAndKANg']
witwiki,"27,75356002",,,,,,"['ZLQKd8Q7dfLkixCwJ9AVrw', 'qUVLkw1IxsksGTBS0OLuVw', 'oWP6kzYs3bADM0Y7s4zRxA']"
patriacaelum,"26,88058835",,,,,,['at3erEO3n1LKLBrd8nJwpQ']
famole,"26,1708559",,,,,,['W35ogAZwxP7sx94jsETqRg']
sbilbao,"25,30658943",,,,,,['7AWJaGhAVVkrugrjlEn2nw']
enti,"24,63017589",,enti,0x6897aBe0fD62B589260784B21F4ca3F78A0D8017,enti#1546,"4,52116E+17","['2hnJBbNI2t2s1WDqu94VCA', 'WoZdnOXz5IEDilPP24ziPQ']"
drllau,"31,46991642",,,,,,"['0u65wCvw3XLwbLQ7QijdhQ', 'jqR7p548bZXINNzc7NFP7g']"
hbesso31,"22,58930609",,,,,,['wVi1JPO2XMXMFJPIMDy4iA']
knobsdao,"22,32566271",,,0x301605C95acbED7A1fD9C2c0DeEe964e2AFBd0C3,,,['2gES3MGJqpKYVSNBnQBkcQ']
mrmadila,"22,15336731",,,,,,['eZH5b13ToWtzr1z7URwB6w']
freshelle,"21,72878805",freshelle,freshelle,0x38f80f8f76B1C44B2beeFB63bb561F570fb6ddB6,freshelle#9882,"7,62292E+17","['p7QFaqfMAtaqdjjn9Vv6eg', 'xXoy17KlNJiEHYzsjIX4Bw', 'DADk0j9rwGkEoijzjfLSeQ']"
zhiwei,"21,13197681",,,0x1f83A7b86480E6142A85558Ef6999f6091041906,,,['ZnzQIonT4tqsmk2Ilp70Ww']
mcsmith89,"21,0699517",,,0x95660B8f62B6372bb8A821872BF957922dE1fe89,,,['ca8CLh8NFPs8VYu4XWlo4w']
0xgabi,"20,18451264",,,,,,['IeafXYmQF8AnzJdByLcLKw']
bradleyc,"19,98036529",,,,,,"['6NlouXeVAbtjH5zvPxNBOQ', '34SbMyADOdWvJTLT0iMVhg']"
thefredo1000,"19,2775823",,,0x29FFeBCa51ecD940cb37EF91ff83cD739553b93e,,,['cdRI5i1ZSZRzbLUxlnaBjw']
philh,"24,04375008",philh,philh,0xAa01DeC5307CF17F20881A3286dcaA062578cea7,philh#1102,"1,6591E+17","['zmUdcnv3pkxwqEArWRXNTg', 'gowzr68aUjqB65WC88A2vQ']"
felixbbertrand,"19,10070744",,,,,,['Et1YkeJ12pAWH2bcKQeU2Q']
monstrosity,"18,76655179",,,,,,"['QooKidh903FG3z7r4Ww1UA', 'Q9teJI89OV86VAL9jvgCQQ']"
gabi,"18,30396984",,,,,,"['RvkAJK4aFoVIeZZhAAk0AQ', 'S82nBSZRVtG64auzcm2WHw']"
mertozdal,"21,59042937",,,0x9690a9E92edadd9a4ff64da25eb6AD60791C37ff,,,"['BnGYFoI5afLpBREReoXw5Q', 'AV6GhQrNewcyzzoo7emoDg']"
santteegt,"17,57956357",santteegt,santteegt,0x224aBa5D489675a7bD3CE07786FAda466b46FA0F,santiago#0325,"4,40282E+17",['I29jT03IolyGPtgeB7kj5Q']
thelastjosh,"17,41512159",,,,,,['sjB6uNZ0e8qTJdEnzLBN8Q']
andrewpenland,"17,28140302",,,0x77d40c87D423eFb7ec576e80998A48377Adf86dF,,,['mQEJ7vXKA6xIJHex7JEXlA']
kzflyer,"21,82175321",kzflyer,kzflyer,0x343EF442adD9bd565D51b606f444F9221AD0Aeb6,kz flyer#0926,"4,33878E+17","['0dIAoa7J10u5AkMLAZpsxw', '0Cz18hYNrgJFr7G9tyviKg']"
carlgocht,"16,76243039",,,,,,['Rk78WJD7vyLvr4O6wZnnsQ']
geleeroyale,"14,91465741",,,0x701d0ECB3BA780De7b2b36789aEC4493A426010a,,,"['hXOgbgupaptpGeSKM3JBaw', 'yTAr1dHmj8KDvGM0R3wBoA']"
mettodo,"15,76650338",mettodo,mettodo,0x7710E7e881333Fd3396Ca5966BeD6E72746b612D,mettodo#7010,"3,7926E+17","['izNgcjgRtwwgVBBxIqof3g', 'vm7Iy7DrNFxKDmPTPeyMbg']"
bear100,"13,44254071",bearhub100,bear100,0x47a5BA5BE900fC22AD31BEC4c1ff54Df8e67cd70,bear100#9085,"8,36059E+17","['5papbuqIE9rXmXJRWtqlKA', '82y2ohMsRwsOXh0Rxr7Lww']"
bustavo,"14,49023287",,,,,,"['hnd15OIzLZtOfGGDtDAsjQ', 'b0aT4FvCrYrRA1Ur82XuOA', 'LNh9x6FpDayUr5F3wbm5HQ']"
phil,"12,56663649",,,,,,['hb2p3ewa4JpNpG88w4MABQ']
foxdao,"12,34778435",,,,,,['2wNOmJZ1orOUZ0lY5loWtg']
shermin,"12,15516171",,,,,,"['QVLQ8TObC1WI4gTjLnELOQ', 'SlAvsjK32xZXJkTqgcvrMQ', 'aGGu7WSeQZprn8rOnYoang']"
charliex,"11,53476324",,,,,,"['wA6D2Cvr4YsBnON1PDUw0g', '7Ir9aoEWVrE4BlejwawqfA']"
porobov-p,"11,29391983",,,,,,['ztp33KrVGTLPdAPxKkpdkQ']
evo,"10,88077045",,,,,,['Tww4DUOq2MTyCJKdD3LFbA']
paul2,"10,46583828",,,0x809C9f8dd8CA93A41c3adca4972Fa234C28F7714,,,"['X9lkE0vRSKS4mGpRXekVCw', 'qFwg8Xg6PXzwi9hvn8KQBA']"
lkngtn,"10,40501019",,,,,,['QvXbYsDrS85W1jFXYMHZLw']
zer8,"10,27385645",,,0x8758E5741dE847363dD2715a62431cc0cBda4cA6,,,['U9h9X9KrZn4iyjT3mqDX7w']
markatwork1,"9,876162106",,,,,,['l6q0EybQAwFm9BImq9z5cA']
eeli,"9,834484483",,,,,,['7iARkbO8SOnI2jwPM1T88g']
tinahaibodi,"9,729704163",,,,,,['WVS7va6aM1Qn98aDdb5p2g']
costa91,"9,676056649",costa91,costa,0x741670C5085Da689944FAA9543E9aB610a00A06d,costa#7828,"2,16946E+17",['qc8dQFBpgRxc8gWdGZYJZQ']
zarmarquez,"12,79266583",,,,,,"['pZLLf5rLrNQ5YYJnZdCqpA', 'oRJGzXbvrEw94PaqOLrEuA']"
drat3,"9,097157768",,,,,,['lcmC50dWg7NNRjg457E83Q']
twells,"9,006073782",,,,,,['uxblXOmRAqgWX6olmlSkRw']
trentmc0,"8,940536652",,,,,,"['Unn2NOwMelkPtA8gVG8WsA', 'qHzP4CPA5HlMij16jO2Trg', '61biqu6pHx1mukVJOvKzqQ']"
sichen,"8,523641572",,,,,,['O1kAqzNlOlG1Y45gjLXrNw']
maxk,"8,2438742",,,,,,"['BtlReOsdMixKt3NyYpxY8g', '15srUrMwAcQZwAG2kXjLrQ']"
paula,"8,212479577",,,,,,['S2Rpx2XtaTbvUad3dF2qkg']
bhargavkakadiya,"8,059148079",,,,,,['lDKKaAJOWjnrnnZFwu3fLQ']
vagpap,"8,016115305",,,,,,"['ezC6Y3dhx6nejbzEayJjbw', 'cyv2QsaFqLokBJ6SOuO1XA']"
manuelmaccou,"7,824179913",,,,,,['4otz7ar87lCl6BKKhqHEaw']
nic,"7,626112775",saunic,nic,0x88B353202e61fffeF56bbfbc2748839e7C707e9F,nic#9212,"6,67979E+17","['3l6OJoZP8ck7MrgXjkxFNQ', 'jOSgsBwtXTEhPdzOAbexwQ']"
renovate,"7,262705812",,,,,,['JYmmG4JyMl3K2v4xt4MAPw']
regencrypto,"7,045663495",,,,,,['PIDOzU6vkaDlmfK5ORGcWg']
klingefjord,"6,553957169",,,,,,['ePqwRI2SXOtGcey0fnrM3g']
getvested,"6,553957166",,,,,,['c86rw0hweJduxgXjwydR0w']
jeverettnichol,"6,553957166",,,,,,['ZPds9R8QHDT2K1488oSDSg']
vessenes,"6,514065211",,,,,,['DvqclcjLKjfNZ8dQ1EvzvA']
fioreb,"6,443286421",,,,,,['haBxLCEYTb1ZUAgMAZ7qwg']
jme,"6,233181154",,,0x6814A5e9D556C834Aec5293ed80748CD0F58bd14,,,"['EwuMPPGtaiVapDU2bdtxWg', 'QGgG3i15MaC7iEzL7uWdqw']"
lescanore,"6,231273303",,,,,,"['n66y4EnwYl0pLkI7SQhxCw', 'IgK3W3Anb1L9G9adtLHgcw']"
vic,"6,196071098",,,,,,['S6nkLF9A0qFxtV9b5Ha8Hw']
theode69,"6,168895779",,,,,,['3dR2mZYTEaf54YmPbm9zrA']
taz,"6,118345257",,,,,,"['4SZC6GH5XRO4ZdtRAAbbxQ', 'BWmDvOYYXcvk7IyG9DG5AA']"
decentralizesdgs,"5,820367925",,,,,,"['NOazaKnJSVxWnoNJA5xoYQ', 'gq8AmvoHL3LGz6GwJ7p5lg']"
merlin,"5,807480353",,,,,,['Sw52DwDVtQQ7N7ZrEfaA2Q']
twell-s,"5,740434517",,,,,,['7eAWNtd6dGP8Kx9mudIeAw']
teresacd11,"5,536118261",,,,,,['3dKK798Z8h4d4vA6QPXpNQ']
jh-onchain,"5,112829464",,,,,,['x1trbEOM7yKmFNDHa76HWg']
randomshinichi,"5,112095623",,,,,,"['tNNJbIaVZI6QAtk3J6OM4g', 'nGe9EMxxr3oDsNy4Jry9cQ']"
singularityhacker,"4,802789032",,,,,,['aveQ5yDA4Cndx0PbwCvvPg']
moatazar,"4,789265827",,,,,,['C1OvLwcD8YpQoDzJtDnfJA']
rex,"4,749782431",,,,,,"['dMyxaGjQylyDRoeWcJLo6w', 'm8UoqlqoHv7x9nWt8SNUmw']"
willyogo,"4,744353671",,,,,,['lyRs3aIAAqtbh25SaYQoFA']
shbrennan,"4,607034143",,,,,,['d7ANp4Q9SvRY0CrtwsLoLQ']
onbjerg,"4,607034143",,,,,,['eVEwRQ2GmpOmhVL4XyvAGQ']
vasilysumanov,"4,441872475",,,,,,['OELj8ed4vwUGt8UeMiaotA']
eenti,"4,391990703",,,0x6897aBe0fD62B589260784B21F4ca3F78A0D8017,,,['24Hq9sy4ZxALM8IWh1aNjA']
gijsio,"4,283803634",,,,,,['iqKXh2xBUyIgdAQ4lTGN2A']
danlessa,"4,203884904",,,0x62e4851e88bEC4f5c5EE3Dd347F2C601A18AF1aF,,,"['T2Jo7SYVv5iQwie7VocR5Q', 'dzwVLw8JWIj63jF3GidVcQ']"
greenhornet,"4,047559503",,,,,,"['DdZXMB0Wjt5QUzaf8xjNsw', 'EwFVR5FRN45BQdgMSeXYXQ']"
stef,"3,922919888",,,0xB1A1225BCf9408f4a8C980F1858734ECb0d537b9,,,"['in5gF5JvlHJbzcyTqe1Qkw', 'zXkCqoLniR3XVOnQHajs2A', 'b35yiooMlJDxqyiAFoKoZw']"
bpierre,"3,77741007",,,,,,['IoMDRoeXb8ILvNvjY60bxQ']
sidcode,"3,677964878",,,0xd0ef3a2Ae7Fb496C0897400f1be46693B6183B0a,,,"['bPzlO4Ipqq8ubjgQpBURNQ', 'e8Y0Ki1n0y8BrT3WKVOj3A']"
neilkt,"3,615382231",,,,,,"['O5MwlXhLvql4i9CMIYbQQA', 'bGKw4AWfKj8xogxOBncO5Q']"
lbs,"3,552928494",,,0x328713d71cE23228D35263cA760984753D08BB59,,,"['aTEQkkaJko19BdPRJwydLg', '0lECDTdAnMHlu3go0yXfaQ']"
ionneto,"3,54481368",,,,,,['u4omPRenm84MmwsAcGcPuA']
cryptographr,"3,46738088",,,,,,['6MnIwqPZZe9zL3rmI6y2uA']
pinkhoodie,"3,453922002",,,,,,['zU6lYOAyxPPs0SLzaUbUNg']
befitsandpiper,"3,453920605",,,,,,['eSBp50UesxjU4iORayGpoA']
kisgus,"3,453920605",,,,,,['7gaYZaa6VrmmwmgxyEoneA']
gconnect,"3,453920605",,,,,,['Zw0fvvLrYTrpD05quRv3UA']
brymut,"3,453920605",,,,,,['VElomZar6G1VnD385a9s0w']
cedrickxyz,"3,453920605",,,,,,['7dZXOSG4Twyl7qC2asN5og']
bearhub100,"3,29838781",bearhub100,bear100,0x47a5BA5BE900fC22AD31BEC4c1ff54Df8e67cd70,bear100#9085,"8,36059E+17",['e6SRu4KNeS0L5x309c4k1w']
clara-zi,"3,2585465",,,,,,['uEbA6ki86xGNLCPJXOBmSg']
baartch,"3,230935041",,,,,,"['BdBzrNptWPySKNGKR8vETA', 'qaQMizQ7mxPCjHoElWWRvQ']"
haxelax,"3,224942565",,,,,,"['okXcxCWubMXWbkQzy1Q6RQ', '8mEHZRoll4oaQj2EooDorg']"
boonjue,"3,214006184",boonjue,boonjue.eth,0xEf0391ccbebf15fc84334D9630255093754cDAAB,boonjue.eth#7124,"9,08799E+17",['514vW4Qqt2oY4rKkjw5tzg']
raul,"3,193345257",,,,,,"['anhbNeEVgF60qvwFW1tDNw', '3CXXPXHJNqEDLVIaDwsA4w']"
catall,"3,109463098",,,,,,['dckiOvUb2L6xNMAAjBVjAw']
lexbirdie,"3,090623683",,,,,,['xnnAuV5sB4tnnO4eH3ymsg']
tuath,"3,028538037",,,,,,['VX0ywzfe3y0UvZhJBtgVrA']
crazykay,"2,942384749",,,,,,['Jz0tLKLpIArgDAdrzqvMoQ']
razga,"2,929603495",,,,,,['nmjdTpm5CgrhKOD9P7SB1w']
saunic,"2,88674375",saunic,nic,0x88B353202e61fffeF56bbfbc2748839e7C707e9F,nic#9212,"6,67979E+17",['IqKASOWwc08SLl41vVjJIA']
ashleymaas,"2,791976763",,,,,,['yHa0r3NC4fy7RmcwQOUNzA']
satorid,"2,789237877",,,0xeE9f5aB4faeCBe30012f675Bb938031BC51bB49B,,,"['lJjrpwotn2qbOqwPV65kdQ', '87SxDPWk7uEt4JcnXKxeBg']"
mquellhorst,"2,7830322",,,,,,['sb2LZw8HRBL247no7zL4zA']
wkarshat,"2,780733225",,,,,,['42hqsGSZc1q5ibUb0WhLYQ']
papa-raw,"2,675886586",,,0xC4d9d1a93068d311Ab18E988244123430eB4F1CD,,,['UkzVoBEQ0I00XZ3eAj0Hxw']
paulhaas,"5,234891644",,,,,,"['UxLBWVq0zpcvoasM55JF7g', '8bj1rKSEptmgXckSM51SYQ']"
rubenr,"2,562803377",,,,,,['UrpKI7eUEAnBktlQDlHElA']
mattyjee,"2,559984341",mattyg,mattyjee,0x182312C44a219fD492F3aE177D11120a3CcD2EF3,mattyjee#8621,"8,8444E+17","['3rCrJa6tVgDJtdP9t1pOEw', 'ne3yeeKmQpF5GrQCnBeCvg']"
paparaw,"2,558546233",,,,,,['PrwiBMm1YLiEnx9BMJdzzQ']
gcf,"2,480038976",,,,,,"['1SmcORjr7AjXd3E7DGvz8Q', 'pdrjNIXe1jjazwMG9DX7jw']"
efra,"2,424785056",efraeb,efra,0x438cDDcc8E6f0E0E18CE33F6b5a8fFCFAb5A999c,efra#7972,"7,69621E+17","['9nHmRyBMZrU1ReAIjHkc7w', 'eUo2BZIyw88rsBirxmZqkA']"
angelakte,"2,397584697",,,,,,['Ue2RGPpS31igG824JJD38A']
emjicy,"2,394632914",,,,,,['GlylZm52ojMnEcPrZ9GWHg']
pacobacpac,"2,373391293",,,,,,['r2LF5dPmQTMljBg6byen5A']
bvalosek,"2,302613737",,,,,,['0BQ9mpVAeTROp3DCjU31Wg']
aanunez,"2,302613737",,,,,,['gUgLJFb2fAqkllKVTGnwPA']
richa,"2,253980976",,,,,,"['JxcRekuaX9OCe4PbXvVbqw', 'fZJB2sjERBwok4KwJ7Rs7A']"
pab,"2,248808494",,,,,,"['Y6rKDk9P1saZ187nEFpxYg', 'afAjig2j2uNUViYG3RgB2g', 'ce0sqm26uomx8VygBIJ68A']"
csggene3,"2,236204674",csggene3,gene,0x4318cC449b1cbE6d64dd82E16abE58C79E076C2B,r33pich33p#6906,"3,36424E+17",['N59AgyPg71UQ3tZ76AhMEw']
block007,"2,20926826",,,,,,['v5SrNx0qV4BLsJFyPWkCbA']
ratio,"2,118492696",,,,,,['p1eB0y09Z5azqwIwdhVwFg']
curlybracketeffect,"2,087283649",,,,,,"['63jahrm9VN7txY0NWIYBig', 'W3Y6Ck6jTzoLLlyegD2R4Q']"
luisotravez,"2,065126619",,,,,,['oaJokgy4PWMWiwSAbYoq0Q']
xm3van,"1,875211868",,,,,,"['ZL9QOrcvhvXRCVT7SV9ZVg', 'HDOMcZs1mWmLUnQwoz0v5w']"
kant,"1,858622922",,,,,,['hgPu8tDL3opB5br2CYgzDQ']
johannsuarez,"1,83892318",,,,,,['ydVfgbU7WsPeanO3c0J76Q']
jasontphelps,"1,83550636",,,,,,['ZFlkP9P6laMhBnYZLg27XQ']
c0mput3rxz,"1,79081073",,,,,,['l9GMm1QHVzPsLtdDKRgWPA']
teamyonks,"1,784283529",,,,,,['TdpPQYVvMwW3Px0DR8Eglw']
ataberkcasur,"1,752415659",,,,,,['OZvwaGjg1BC9pTY4pYKtmg']
t-rossi,"1,71967082",,,,,,"['n6nflseS4TB293eD0b09qw', 'aXm7njN4Owc08UBPz5eJqw', 'fYjkDgAK3ojObTK8i8GDEg']"
domik20,"1,719358315",,,,,,['Pc3LuW4soKp93qSBzsaNSg']
maxwe11,"1,704055153",,maxwe11,0x3F20a6fE04b3A4b37bBBBea826ae23be56Baed74,maxwe11#7157,"1,44927E+17","['mcVV5intjiL3DdvVYwj1Rw', 'kzMszfW0NznerqGvkjelwA']"
dekanbro,"1,687002442",,,,,,['21E2MC3uZjqSjq6OBGrmmQ']
marcodarko1,"1,687002442",,,,,,['oU9YqMwhMNKyMMxG5NpC5g']
donkarabi,"1,673179251",,,,,,['P5PYKfqK22b9oV3PIkojAA']
andy-hook,"1,665179172",,,,,,['xTzOQxkyqntbQIw0994PVg']
0xddde,"1,654821627",,,,,,['M8MDCawve21jzn9K5Y0mlg']
farty,"1,562386805",,,,,,['fE3Vc42d2cV1f0U7p8HQeA']
zion-code,"1,552470846",,,,,,['mziEWEdu6aJUlfGbafdTRQ']
harthor,"1,520536246",,,,,,['BH2wr1YLBGRCmVtMFW8Xcw']
sohkai,"1,452650032",,,,,,['y6TBltNMowUQ32NXOgzPuQ']
michael-a-heuer,"1,367106858",,,,,,['4Y7IDsQAfyD6ra7l4J2qyw']
prohg,"1,362353222",,,,,,['Hjug8BLBoAGDZFEpGggJxQ']
ekeneodigwe,"1,31299042",,,,,,"['7Xe1I1NjtvIgd8rUE7JVDw', '4F3DcepnaPAcjkxnGIE4jg']"
danibelle,"1,239377775",,,,,,"['KJy5OKfq2X9RH2VreGAgog', '7ZdNzLrbaCp7y6C6pG2DSQ']"
danielo,"1,167281426",,,,,,"['NU4GMvnXCeLgewMmbwlElA', 'cBmh9gK8czOeH8Nr2rEmDA']"
ishanjain28,"1,151306868",,,,,,['T9Ys6D7LqUz5bKTaA5JNwg']
wirjo,"1,151306868",,,,,,['RZJ28vKLFJs2pImN17ZU7Q']
seb-ethmonk,"1,151306868",,,,,,['XpDy0ujeZQU9zFwAxq5B0A']
0xmodene,"1,151306868",,,,,,['75T0tyXzE4sxp0b9HYExHQ']
kristofernoaccess,"1,151306868",kristoferlund,kristoferlund,0xa32aECda752cF4EF89956e83d60C04835d4FA867,kristofer#1475,"3,88E+17",['XJAmjvvSJodGDCnMv4rr5g']
fabianschu,"1,151306868",,,,,,['kAWvz1PBTzyMXevEPi3vdg']
murphy,"1,151306868",,,,,,['6YBXO13SMhndp1KGvAhW5Q']
sepandhaghighi,"1,151306868",,,,,,['W0yo4ZJkxTEEkqyyXNl0aA']
erichdylus,"1,151306868",,,,,,['1JOTMsguKbSqSrsQikaa9A']
p-murli,"1,151306868",,,,,,['LlXsgiQ3JeCVN0QzEyBc9A']
a-jwc,"1,151306868",,,,,,['pXjFYBYcR6CB4Rv8uVUmRw']
georgesmith9914,"1,151306868",,,,,,['SR5JKSAsofwaZ6tVFz8pjg']
panteo92,"1,151306868",,,,,,['9km5zvgDj77VPKKP6YLQqQ']
brandoniles,"1,151306868",,,,,,['ClLmX80W6AZgAOzN9wHQQw']
manualzuru,"1,127044146",,,,,,['U5vAoK89AGEflFWXB1oQpw']
biancagadelha,"1,042182458",,,0x1375847014BA64517210cBFE185808232Cf45d4a,BiancaGadelha#2667,"8,69941E+17","['J9yMAWUB0As4UkqYpA1qIw', 'lgVMSXeXGNmKxP4IAVf9Pg']"
mayasierra,"0,8608735268",,,,,,['WQXAroZNbFK5c37sJkGEAg']
roveneliah,"0,7326321467",,,,,,['5c81vzdJmcRBZYoR2yZBWA']
kelsien,"0,7142426482",,,,,,['HpyIKk2qre3N3Q53sqZLtw']
fobey123,"0,689204907",,,,,,['W4OwRHMGwk9TjFG4X1eKtg']
tiberiusb,"0,6820381646",,,,,,['xVC1TAs2gNM4Rv0PGmOzrA']
marc,"0,6649383704",,,,,,"['ixR4pc1Q4TZrZRVOAfR2Dw', '4CVXhrxPczdgEA3dXUP16A', 'fVZWEeWbjCR4qq2wo1mjNw']"
guccukudo,"0,6549062",,,,,,['ZRiN0NZ7h4uz49SOdCBuBQ']
maindefi,"0,6495231291",,,,,,['HD28qW7kbXll053g0ptLIQ']
unclebimbim,"0,6446192059",,,,,,['w7LoKq4r1JddMUqq3IjxBQ']
tony888,"0,6401682486",,,,,,['J9w8r11s59QPoXUWVEjY1A']
anatech,"0,6264583854",,,,,,"['QVSd6JQ1rNdT6E3HmROFQg', 'b5gS43YNuOCNvWWkEryR0g']"
rohekbenitez,"0,595663614",,rohekbenitez,0x6C965b656C450259a6D4d95A2E68Fb4319EecBc0,rohekbenitez#8753,"7,66414E+17","['eZndrvVZnOaikpxqPXKFJA', 'DLB9gXanlmAOauoAjDQncw']"
phacker3,"0,5925444363",,,,,,['3IDBgPo2roxNRb5Uk2So4A']
radical-sociologist,"0,5906326276",,,,,,['T6q3S0GwTaac3Dj8udAsRw']
joshuavial,"0,3951376146",,,,,,['q0NyG0ja5fYMofDqj9VwLQ']
patriciatea,"0,3591968069",patriciatea,pat.zip,0x9F6b969Ee3F9C2b0a528b3029049e34BBD4bdB49,pat.zip (te academy)#5266,"9,02543E+17",['bqiO0g0K4K1N75xP1oNdsw']