name,totalCred,github,discourse,address,discord,discordId,id
kristofer,2577.61368634997,kristoferlund,kristoferlund,0xa32aECda752cF4EF89956e83d60C04835d4FA867,kristofer#1475,3.88384931102982E+017,['SKwe7tLJqd1Q5idLJackbQ']
griff,1575.19731113761,,,,,,['ET0yY6EZd8gYCWBNobntGw']
mattyg,1525.73153443135,mattyg,mattyjee,0x182312C44a219fD492F3aE177D11120a3CcD2EF3,mattyjee#8621,8.84439603401089E+017,['RprQksdQTwJi71xNWAt2Wg']
tamara,1496.97509638283,tamarandom,tamara,0xcf79C7EaEC5BDC1A9e32D099C5D6BdF67E4cF6e8,tam2140#9361,7.51417874886689E+017,['BOpBtopaQXL8lQeTmted3A']
sourcecred,949.761999734888,,,,,,['1ESoqJnD8rY0dKKnQ8frtw']
liviade,850.983442313912,liviade1,liviade,0xF8D1d34956cEa24718cf8687588D6FeDbc6d9AA6,liviade#1387,4.80023322080444E+017,['XCvAJKrkF9714dUKaUZExg']
divine-comedian,806.782602110171,divine-comedian,divine_comedian,0x320c338BCF70bAAaE26e96201C33B48105Bc62C2,divine_comedian#5493,2.88019500132073E+017,['Hakw7z8Zrf2vnbpz1FPfrg']
marthendalnunes,787.18803664581,,,,,,['sajBddm8qlGdY7Qt8GQmbQ']
zeptimus,774.458240247974,zeptimus,zeptimusq,0xaa79B87DC8B046A5E4f7D03F1562D7fe5BF98737,zeptimus#3359,1.83879548394275E+017,['GZcrLnnCM7qtee2QxoMF9g']
pkrepe,687.293678141027,,,,,,['rSpBhk4ACkT3jOMDdx4c7Q']
sem,654.953701083433,,,,,,['OYPr6j4d4IlPBlfwmnmWNg']
vyvy-vi,598.337039249563,,,,,,"['7iQuAWGd9k837zm3NTRavg', 'WWoIxvpkUqI5NWoG6DEXiw']"
nuggan,585.03825625617,0xNuggan,0xNuggan,0x0Bf920dfE6D36829aB5b0e153857D4CA689E46fB,Nuggan#5183,7.15E+017,['r0vZG1IXLmoVZ49GgHKJ8Q']
tecparamsbot,574.87552397288,,,,,,['gYky0agLwAEE8pcgF62Vfg']
jessicazartler,549.266597128542,,,,,,['4ap2sqiWg4qMj36zgeANKg']
juankbell,461.126068237078,juankbell,juankbell,0x7d547666209755FB833f9B37EebEa38eBF513Abb,juankbell#7458,7.49990807238607E+017,['duekPnf8mUPCXp5ygxFEzg']
markop,460.709337487718,,,,,,['sGrwHA6gJEhDAErTGMcq0w']
nebs-dev,383.551049600624,nebs-dev,nebs,0x16E26789b4052815d450043A637b368bfB3ea63A,nebs#2035,9.10181189896241E+017,['hyLKveQvjLYbr3PZJgDsng']
eduardovegap,382.108095897455,eduardovegap,vegayp,0x1d921dff757610FbDB0073479e12c0a07d382677,eduardovegap#0422,5.73648007384531E+017,['NxVE6uDlQPByNRx1B0CyGA']
iviangita,348.357644644444,,,,,,['7TOOsLar5Jnk7IAu0EIqiw']
mendesfabio,346.898262712805,,,,,,['G9OdZJeyTg2EFxDFPDjtLQ']
chuygarcia92,324.987077852081,chuygarcia92,chuygarcia92,0xB22981bA3FE1De2325935c91a3B717168fB86714,chuygarcia.eth#6692,7.27934296387617E+017,['ZWNbgl1noFkSqr37CyhGow']
kevinknielsen,293.920563848741,,,,,,['0D5wUqAy7Z0kwDXVki5rTw']
ygg-anderson,277.619525125199,LinuxIsCool,,0x763d7D362B59aeA3858a92a302e18cd41b1252d4,ygg_anderson#4998,6.59828514924659E+017,['ip2eEaDGiz7ydHaUOAJetA']
mount-manu,257.063102007905,,,,,,['c6OUrobvVXjorSmWOC0kCA']
natesuits,250.635111633234,,,,,,"['iWqqv2iETnRkT97bJGtmhg', 'NejxDy8PXdAa9uRrRvrdSw']"
freedumbs00,226.459486287869,,,,,,['YZFeL0BE1YdlCdiZULyZcQ']
gideonro,218.263197260249,,gideonro,0xB08F0ca73E8A59a1b7970e22B8ed2F9142c3fA53,gideonro#3175,3.43470788491477E+017,['464rDE6RHDwC8DNYqcnkUA']
santigs,216.756746939482,santigs,santigs,0x9194b1713A8E07Bc47B90Fb7937E28e09b6cd100,santigs#9769,4.34632218246382E+017,['VSm6fQE2OqXQEp6e52kAbg']
natenatesoo,181.470597914347,,,,,,['kRYFk7ZHQarYRekF4YUDDw']
pmespresso,161.415839385485,,,,,,['rX3hvE2NFLHy7g6Ry3P0SA']
suga,156.990031402717,danelsuga,suga,0x2fEe53687906bA239602eD42CCEee2aC8A4ADa36,suga#8514,7.86574925951009E+017,"['ReYHrv8KxmqyJmOF038YOw', 'QRhOc6NFX7F2HNXbZf0ZzQ']"
fabriziovigevani,139.01601859556,,,,,,['ZQUaMankgsN2Uq2nDhx2mg']
hernandoagf,137.768073507292,,,,,,['Fxfmps6Ei9xbZFJ3lrQMkA']
rperez89,133.09643936962,,,,,,['bjnndH4HokQLURvU2ZBnGA']
jeffemmett,125.016397802493,,,,,,['zpOhAq0V2ekJ8JTz7vZ7OQ']
laurenluz,121.752089601043,laurenluz,laurenluz,0xC46c67Bb7E84490D7EbdD0b8ecDaca68Cf3823F4,karmaticacid#1218,4.923943395328E+017,['FE8bRvmLfmv6zKfrVDe8Kw']
ddan,116.078718650389,,,,,,['uLxpHZxGaW9BGmSdWYgRaA']
pjcolombo,113.86820311699,,,,,,['qg032DF3AY9rtOCPMxxPzw']
mateo-daza,112.237398746587,,,0x00d18ca9782bE1CaEF611017c2Fbc1a39779A57C,mateodaza#3156,6.92168538181599E+017,['SW3QLzfLRvQkXcmy4MxMNg']
angeldebenji,112.184872268462,,,,,,['1A8G9FAAkjbVVqa2s3kuKw']
tylerboardroom,109.818692133842,,,,,,['xhOcQzwGWNJRrarQuPLglQ']
tonga,108.429566802886,,,,,,['TzIeoV93DiaIbB0N96YseQ']
solsista,102.825106938005,,,,,,['qHmKcWP1VSZwp7pEXtatJA']
zxqx,98.8562790941799,,,,,,['52RNq9lhLGMtrZpNRldJsQ']
crisog,94.4284770208561,,,,,,['6vWueYzqtrbQnDrYqxJy7Q']
akrtws,89.281799965015,,,,,,"['59i8fD5Sk3nFVVtJhRyUQg', 'KXZYLtObtXWVwGh2hqSdDQ']"
sudheerdev,88.60265219446,,,,,,['cqQecgI9lvbS9DAQvVwuNg']
cranders1,73.7092764642532,cranders1,cranders1,0x536c7E8F18D09d04697E0d2624b44bBA575388c2,amwfund#0979,6.55144629481636E+017,['2xX69XcgLBvkq5ZwV2y7rw']
hurek,72.0718148983754,,,,,,['DUosng8s9oJ7T9nlsOjbvg']
blazingthirdeye,74.2572594812704,,,,,,"['HLXHQgFzO8IEKx8D4z2gNA', 'X6EJkYl3phqfJ4Jw563Fqg']"
jds3d,67.9395456255051,,,,,,['pg4JNwNv9881Vl9BsRsvnQ']
linuxiscool,67.8544968858369,linuxiscool,ygg_anderson,0x763d7D362B59aeA3858a92a302e18cd41b1252d4,ygg_anderson#4998,6.59828514924659E+017,['elMNuPEwhDJbWWcKEbOJ1Q']
willjgriff,66.8754719584994,,,,,,['LEw4ujPRRRn6HZabOodtJw']
graial,66.3811640504708,,,,,,"['Ge8I1Vymxltyeb517Hdq6A', '1qwsNNyymsRRm5H5HYj1pQ']"
mrsbadgerface,78.2344115334196,,,,,,"['8CYWWHWr2szCJPfLpIYA4w', 'u6jl5EaAQvBzzwuKlUMT2A']"
tree-pi,57.3601738146098,,,,,,['ZYk4OC45GooRx7cnH4wPbA']
gene,53.998389477868,csggene3,gene,0x4318cC449b1cbE6d64dd82E16abE58C79E076C2B,r33pich33p#6906,3.36423896599232E+017,"['y50K8dyQbtgK0QdpplO88g', '9HqWd1orTwRtbxeSJRS44Q']"
vivianedias,51.8474934926057,,,,,,['l1RBzLX5AADhl3VueDRagA']
yarode,51.5334243102651,,,,,,['W7hRsGkW9A65mX699583ag']
octopus,51.4091194009907,,,,,,['xs8UmxH3fbDTr4roq2AEVw']
wslyvh,49.3882347983909,,,,,,['MOaLoPwjNKj1FARh0QOY3A']
al0ysi0us,59.9781631495521,,,,,,"['2IvGvXRbmQH2X6IM8sRyFQ', 'kasDSxZf75ZmolF34Jy7KA']"
maghaali,44.1176512416852,,,,,,"['iWK8bkU8dLtWhxqrijIlow', '5mvNbmnlyM1mHBJpcVxYAw']"
hozzjss,40.2217239553141,,,,,,['6l82wRUzsNvi3eJXfWQ82w']
heater,40.1848869182892,,heater,0x57F540a736a647EF2d2Ef9Cd823C4a4e655858a4,heater#9765,7.65317807952495E+017,"['w7FJSpfMI7GsvkhgENYKuA', 'X6dWRUKBPmGsaD522BWXgQ']"
nickmartitsch,39.9330690391999,,,,,,['51GoAKy7cZsg9yD2T2L6Gg']
innov8tor3,36.5346105792416,,,,,,['HnkEOwNtdmBikgtjhZxPOA']
vercel,36.3257941376564,,,,,,"['lrcptYmJmPNOZ17KAyHWnw', 'k9yJaqGR4P6T6KoVeE4guA']"
mzargham,47.3927585306027,mzargham,mzargham,0xDF290293C4A4d6eBe38Fd7085d7721041f927E0a,mz#3472,2.50086586450969E+017,"['y6pL386gxC0Z0LQMeTkbgg', 'opj8PvMI0DksLURbzRdvlw']"
big-gray-al,35.8390013928871,,,,,,['geAOXOaaaNuJ9kYPIxL9oQ']
naomi-lgbt,35.7886532853374,,,,,,['Pp88OtKntpnQNeXxvNzJeg']
paulo-,34.7521320101351,,,,,,['ayg2FKe6lH9vsj14xojEhQ']
netlify,34.4701338079003,,,,,,['SVL82s5hpnHRGYYjhQMbyA']
costa,34.2022501439077,costa91,costa,0x741670C5085Da689944FAA9543E9aB610a00A06d,costa#7828,2.16946363584348E+017,"['UreDAOIq3VmpyZWLNS2aYA', '0ln5ak0oj7XcoNhOw4C2gw']"
rosamoc,33.4940867764871,,,,,,['8traortlh07mubQ9zCJXHA']
cfwhisperer,32.6586303591151,,,,,,['2L8lbyJPuEL0UVj3T5Bi7A']
metaverde,32.6072241233129,,,,,,['lArgWtMBN0owKafQaXpdgg']
evalir,31.7228901516871,,,,,,"['3lsGvixr3nj1MBlV7ZuwrQ', 'XVvw6zXG5jBdbfEVmBqAIg']"
durgadas,31.5925480960126,durgadasji,durgadas,0xfF6d6a7718A234A84f740480Dbb07f6c09cF1cD5,durgadas#9280,2.49005209710363E+017,['i36ZRsX2r4eeBhxaRAwh0Q']
anthonyoliai,31.161430296751,,,,,,['hR43q3TZ1ZCjpb1V83pNLg']
tangbaifeng,30.8987163895009,,,,,,['n2ZY2ZDePOvHV6q36tlF5w']
letty,29.7025279769197,,letty,0x66D9dfddC3AD45d6383D5B9e9354F60Bc9D16A8e,letty#5399,7.70813150672847E+017,"['lA284bvU4x5gSQsXS97TJA', 'nYfvaCxohRLXJXwljWlfYg']"
tannr,29.2610169116244,,,,,,['Gm69GgxjGEwe9MAS2sNobQ']
kojak,28.4169230736758,,,,,,"['cvVub3CxNehm20E3F11bIg', 'NR1vgm0YH7dvrw4bRH3cKA']"
krisjpi,28.1165035299646,,,,,,['EC9pQPO2Dkr6vrba8yIKzA']
acidlazzer,50.9102448035438,acidlazzer,acidlazzer,0x8aA27E90E139d5AB5704df69429341cbCb2d2464,acidlazzer#5796,5.87095069115285E+017,"['fkXSL37MUORONdyIp2K9eQ', 'rd6qGYHvn81xReTMs1Od2w', 'z69qVwL36bFEZty3aINo2A']"
daithi,27.5441486239113,,,,,,['XVC5wlG8vSjV5ZS3OR9MXg']
bends,27.4800796771452,,bends,0x1E975f53956d644868F3eA25690b1bbEda658565,bends#3537,8.05467270762856E+017,['jRg49FB3TkQOvOdAndKANg']
witwiki,27.7535600164319,,,,,,"['ZLQKd8Q7dfLkixCwJ9AVrw', 'qUVLkw1IxsksGTBS0OLuVw', 'oWP6kzYs3bADM0Y7s4zRxA']"
patriacaelum,26.8805883543376,,,,,,['at3erEO3n1LKLBrd8nJwpQ']
famole,26.1708559017725,,,,,,['W35ogAZwxP7sx94jsETqRg']
sbilbao,25.3065894330632,,,,,,['7AWJaGhAVVkrugrjlEn2nw']
enti,24.6301758858262,,enti,0x6897aBe0fD62B589260784B21F4ca3F78A0D8017,enti#1546,4.52115639381787E+017,"['2hnJBbNI2t2s1WDqu94VCA', 'WoZdnOXz5IEDilPP24ziPQ']"
drllau,31.4699164239819,,,,,,"['0u65wCvw3XLwbLQ7QijdhQ', 'jqR7p548bZXINNzc7NFP7g']"
hbesso31,22.5893060916847,,,,,,['wVi1JPO2XMXMFJPIMDy4iA']
knobsdao,22.3256627147855,,,,,,['2gES3MGJqpKYVSNBnQBkcQ']
mrmadila,22.1533673146098,,,,,,['eZH5b13ToWtzr1z7URwB6w']
freshelle,21.7287880523468,freshelle,freshelle,0x38f80f8f76B1C44B2beeFB63bb561F570fb6ddB6,freshelle#9882,7.622917267688E+017,"['p7QFaqfMAtaqdjjn9Vv6eg', 'xXoy17KlNJiEHYzsjIX4Bw', 'DADk0j9rwGkEoijzjfLSeQ']"
zhiwei,21.1319768112606,,,,,,['ZnzQIonT4tqsmk2Ilp70Ww']
mcsmith89,21.0699517004795,,,,,,['ca8CLh8NFPs8VYu4XWlo4w']
0xgabi,20.1845126442495,,,,,,['IeafXYmQF8AnzJdByLcLKw']
bradleyc,19.9803652928532,,,,,,"['6NlouXeVAbtjH5zvPxNBOQ', '34SbMyADOdWvJTLT0iMVhg']"
thefredo1000,19.2775823010364,,,,,,['cdRI5i1ZSZRzbLUxlnaBjw']
philh,24.0437500811707,philh,philh,0xAa01DeC5307CF17F20881A3286dcaA062578cea7,philh#1102,1.65910079416041E+017,"['zmUdcnv3pkxwqEArWRXNTg', 'gowzr68aUjqB65WC88A2vQ']"
felixbbertrand,19.1007074389815,,,,,,['Et1YkeJ12pAWH2bcKQeU2Q']
monstrosity,18.7665517871871,,,,,,"['QooKidh903FG3z7r4Ww1UA', 'Q9teJI89OV86VAL9jvgCQQ']"
gabi,18.3039698408518,,,,,,"['RvkAJK4aFoVIeZZhAAk0AQ', 'S82nBSZRVtG64auzcm2WHw']"
mertozdal,21.5904293660614,,,,,,"['BnGYFoI5afLpBREReoXw5Q', 'AV6GhQrNewcyzzoo7emoDg']"
santteegt,17.5795635652635,santteegt,santteegt,0x224aBa5D489675a7bD3CE07786FAda466b46FA0F,santiago#0325,4.40281764204642E+017,['I29jT03IolyGPtgeB7kj5Q']
thelastjosh,17.4151215869988,,,,,,['sjB6uNZ0e8qTJdEnzLBN8Q']
andrewpenland,17.2814030194665,,,,,,['mQEJ7vXKA6xIJHex7JEXlA']
kzflyer,21.8217532123526,kzflyer,kzflyer,0x343EF442adD9bd565D51b606f444F9221AD0Aeb6,kz flyer#0926,4.33877864849474E+017,"['0dIAoa7J10u5AkMLAZpsxw', '0Cz18hYNrgJFr7G9tyviKg']"
carlgocht,16.7624303930939,,,,,,['Rk78WJD7vyLvr4O6wZnnsQ']
geleeroyale,14.9146574142356,,,,,,"['hXOgbgupaptpGeSKM3JBaw', 'yTAr1dHmj8KDvGM0R3wBoA']"
mettodo,15.7665033811463,mettodo,mettodo,0x7710E7e881333Fd3396Ca5966BeD6E72746b612D,mettodo#7010,3.79260345228722E+017,"['izNgcjgRtwwgVBBxIqof3g', 'vm7Iy7DrNFxKDmPTPeyMbg']"
credbot,13.8156824203747,,,,,,['M7Ta1uVgniBzK3PDxB9WHg']
bear100,13.442540711079,bearhub100,bear100,0x47a5BA5BE900fC22AD31BEC4c1ff54Df8e67cd70,bear100#9085,8.36058804759691E+017,"['5papbuqIE9rXmXJRWtqlKA', '82y2ohMsRwsOXh0Rxr7Lww']"
system,12.8280922788114,,,,,,['YLL0KPUKda38hleL5NDhBw']
bustavo,14.4902328689343,,,,,,"['hnd15OIzLZtOfGGDtDAsjQ', 'b0aT4FvCrYrRA1Ur82XuOA', 'LNh9x6FpDayUr5F3wbm5HQ']"
phil,12.5666364944651,,,,,,['hb2p3ewa4JpNpG88w4MABQ']
foxdao,12.3477843493948,,,,,,['2wNOmJZ1orOUZ0lY5loWtg']
shermin,12.1551617144191,,,,,,"['QVLQ8TObC1WI4gTjLnELOQ', 'SlAvsjK32xZXJkTqgcvrMQ', 'aGGu7WSeQZprn8rOnYoang']"
charliex,11.5347632433898,,,,,,"['wA6D2Cvr4YsBnON1PDUw0g', '7Ir9aoEWVrE4BlejwawqfA']"
porobov-p,11.2939198300797,,,,,,['ztp33KrVGTLPdAPxKkpdkQ']
evo,10.8807704534376,,,,,,['Tww4DUOq2MTyCJKdD3LFbA']
paul2,10.4658382785769,,,,,,"['X9lkE0vRSKS4mGpRXekVCw', 'qFwg8Xg6PXzwi9hvn8KQBA']"
lkngtn,10.4050101871984,,,,,,['QvXbYsDrS85W1jFXYMHZLw']
zer8,10.2738564505161,,,,,,['U9h9X9KrZn4iyjT3mqDX7w']
markatwork1,9.87616210562135,,,,,,['l6q0EybQAwFm9BImq9z5cA']
eeli,9.83448448337743,,,,,,['7iARkbO8SOnI2jwPM1T88g']
tinahaibodi,9.7297041630688,,,,,,['WVS7va6aM1Qn98aDdb5p2g']
costa91,9.67605664947298,costa91,costa,0x741670C5085Da689944FAA9543E9aB610a00A06d,costa#7828,2.16946363584348E+017,['qc8dQFBpgRxc8gWdGZYJZQ']
zarmarquez,12.7926658272725,,,,,,"['pZLLf5rLrNQ5YYJnZdCqpA', 'oRJGzXbvrEw94PaqOLrEuA']"
drat3,9.09715776790608,,,,,,['lcmC50dWg7NNRjg457E83Q']
twells,9.00607378230682,,,,,,['uxblXOmRAqgWX6olmlSkRw']
trentmc0,8.94053665209389,,,,,,"['Unn2NOwMelkPtA8gVG8WsA', 'qHzP4CPA5HlMij16jO2Trg', '61biqu6pHx1mukVJOvKzqQ']"
sichen,8.52364157202738,,,,,,['O1kAqzNlOlG1Y45gjLXrNw']
maxk,8.24387420007336,,,,,,"['BtlReOsdMixKt3NyYpxY8g', '15srUrMwAcQZwAG2kXjLrQ']"
paula,8.2124795772136,,,,,,['S2Rpx2XtaTbvUad3dF2qkg']
bhargavkakadiya,8.05914807854368,,,,,,['lDKKaAJOWjnrnnZFwu3fLQ']
vagpap,8.01611530531197,,,,,,"['ezC6Y3dhx6nejbzEayJjbw', 'cyv2QsaFqLokBJ6SOuO1XA']"
manuelmaccou,7.82417991253359,,,,,,['4otz7ar87lCl6BKKhqHEaw']
nic,7.62611277541835,saunic,nic,0x88B353202e61fffeF56bbfbc2748839e7C707e9F,nic#9212,6.6797930945708E+017,"['3l6OJoZP8ck7MrgXjkxFNQ', 'jOSgsBwtXTEhPdzOAbexwQ']"
dependabot,7.49526598821162,,,,,,['W2SwpmJSBgjTjqAkfBuXIA']
renovate,7.26270581238236,,,,,,['JYmmG4JyMl3K2v4xt4MAPw']
regencrypto,7.04566349534615,,,,,,['PIDOzU6vkaDlmfK5ORGcWg']
klingefjord,6.55395716894173,,,,,,['ePqwRI2SXOtGcey0fnrM3g']
getvested,6.55395716642218,,,,,,['c86rw0hweJduxgXjwydR0w']
jeverettnichol,6.55395716642218,,,,,,['ZPds9R8QHDT2K1488oSDSg']
vessenes,6.51406521086951,,,,,,['DvqclcjLKjfNZ8dQ1EvzvA']
fioreb,6.4432864212347,,,,,,['haBxLCEYTb1ZUAgMAZ7qwg']
jme,6.23318115393201,,,,,,"['EwuMPPGtaiVapDU2bdtxWg', 'QGgG3i15MaC7iEzL7uWdqw']"
lescanore,6.23127330332316,,,,,,"['n66y4EnwYl0pLkI7SQhxCw', 'IgK3W3Anb1L9G9adtLHgcw']"
vic,6.19607109835465,,,,,,['S6nkLF9A0qFxtV9b5Ha8Hw']
theode69,6.16889577857451,,,,,,['3dR2mZYTEaf54YmPbm9zrA']
taz,6.11834525656927,,,,,,"['4SZC6GH5XRO4ZdtRAAbbxQ', 'BWmDvOYYXcvk7IyG9DG5AA']"
renovate-bot,5.98658228385004,,,,,,['xDcoBarMLE2sYZOM8AhOEg']
decentralizesdgs,5.82036792538235,,,,,,"['NOazaKnJSVxWnoNJA5xoYQ', 'gq8AmvoHL3LGz6GwJ7p5lg']"
merlin,5.80748035325287,,,,,,['Sw52DwDVtQQ7N7ZrEfaA2Q']
twell-s,5.74043451700064,,,,,,['7eAWNtd6dGP8Kx9mudIeAw']
teresacd11,5.5361182610197,,,,,,['3dKK798Z8h4d4vA6QPXpNQ']
jh-onchain,5.11282946443906,,,,,,['x1trbEOM7yKmFNDHa76HWg']
randomshinichi,5.11209562288352,,,,,,"['tNNJbIaVZI6QAtk3J6OM4g', 'nGe9EMxxr3oDsNy4Jry9cQ']"
singularityhacker,4.80278903213955,,,,,,['aveQ5yDA4Cndx0PbwCvvPg']
moatazar,4.78926582726738,,,,,,['C1OvLwcD8YpQoDzJtDnfJA']
rex,4.74978243143414,,,,,,"['dMyxaGjQylyDRoeWcJLo6w', 'm8UoqlqoHv7x9nWt8SNUmw']"
willyogo,4.74435367072752,,,,,,['lyRs3aIAAqtbh25SaYQoFA']
shbrennan,4.60703414338119,,,,,,['d7ANp4Q9SvRY0CrtwsLoLQ']
onbjerg,4.60703414338119,,,,,,['eVEwRQ2GmpOmhVL4XyvAGQ']
vasilysumanov,4.44187247528917,,,,,,['OELj8ed4vwUGt8UeMiaotA']
eenti,4.39199070282768,,,,,,['24Hq9sy4ZxALM8IWh1aNjA']
gijsio,4.28380363354627,,,,,,['iqKXh2xBUyIgdAQ4lTGN2A']
danlessa,4.20388490419027,,,,,,"['T2Jo7SYVv5iQwie7VocR5Q', 'dzwVLw8JWIj63jF3GidVcQ']"
greenhornet,4.04755950337225,,,,,,"['DdZXMB0Wjt5QUzaf8xjNsw', 'EwFVR5FRN45BQdgMSeXYXQ']"
stef,3.92291988802832,,,,,,"['in5gF5JvlHJbzcyTqe1Qkw', 'zXkCqoLniR3XVOnQHajs2A', 'b35yiooMlJDxqyiAFoKoZw']"
bpierre,3.77741006957866,,,,,,['IoMDRoeXb8ILvNvjY60bxQ']
sidcode,3.67796487837582,,,,,,"['bPzlO4Ipqq8ubjgQpBURNQ', 'e8Y0Ki1n0y8BrT3WKVOj3A']"
neilkt,3.6153822313035,,,,,,"['O5MwlXhLvql4i9CMIYbQQA', 'bGKw4AWfKj8xogxOBncO5Q']"
lbs,3.55292849448091,,,,,,"['aTEQkkaJko19BdPRJwydLg', '0lECDTdAnMHlu3go0yXfaQ']"
ionneto,3.54481367963385,,,,,,['u4omPRenm84MmwsAcGcPuA']
cleanapp,3.53542377523092,,,,,,"['jiynGSlCjvf4pQmZPo9vRw', 'f4KbWZW3C1ZpOZ0FEDBxoA']"
cryptographr,3.46738088023865,,,,,,['6MnIwqPZZe9zL3rmI6y2uA']
pinkhoodie,3.45392200158481,,,,,,['zU6lYOAyxPPs0SLzaUbUNg']
befitsandpiper,3.45392060516777,,,,,,['eSBp50UesxjU4iORayGpoA']
kisgus,3.45392060511837,,,,,,['7gaYZaa6VrmmwmgxyEoneA']
gconnect,3.45392060511837,,,,,,['Zw0fvvLrYTrpD05quRv3UA']
brymut,3.45392060511837,,,,,,['VElomZar6G1VnD385a9s0w']
cedrickxyz,3.45392060511837,,,,,,['7dZXOSG4Twyl7qC2asN5og']
github-actions,3.38084764066135,,,,,,['jwvKsw9ETvUQHL0mOaP8aw']
bearhub100,3.29838781011401,bearhub100,bear100,0x47a5BA5BE900fC22AD31BEC4c1ff54Df8e67cd70,bear100#9085,8.36058804759691E+017,['e6SRu4KNeS0L5x309c4k1w']
clara-zi,3.25854650027572,,,,,,['uEbA6ki86xGNLCPJXOBmSg']
baartch,3.23093504113313,,,,,,"['BdBzrNptWPySKNGKR8vETA', 'qaQMizQ7mxPCjHoElWWRvQ']"
haxelax,3.22494256502245,,,,,,"['okXcxCWubMXWbkQzy1Q6RQ', '8mEHZRoll4oaQj2EooDorg']"
boonjue,3.21400618439034,boonjue,boonjue.eth,0xEf0391ccbebf15fc84334D9630255093754cDAAB,boonjue.eth#7124,9.08799381229154E+017,['514vW4Qqt2oY4rKkjw5tzg']
raul,3.19334525669683,,,,,,"['anhbNeEVgF60qvwFW1tDNw', '3CXXPXHJNqEDLVIaDwsA4w']"
catall,3.10946309765624,,,,,,['dckiOvUb2L6xNMAAjBVjAw']
lexbirdie,3.09062368263674,,,,,,['xnnAuV5sB4tnnO4eH3ymsg']
tuath,3.02853803694205,,,,,,['VX0ywzfe3y0UvZhJBtgVrA']
crazykay,2.9423847487262,,,,,,['Jz0tLKLpIArgDAdrzqvMoQ']
razga,2.92960349522014,,,,,,['nmjdTpm5CgrhKOD9P7SB1w']
saunic,2.88674374981809,saunic,nic,0x88B353202e61fffeF56bbfbc2748839e7C707e9F,nic#9212,6.6797930945708E+017,['IqKASOWwc08SLl41vVjJIA']
ashleymaas,2.7919767626262,,,,,,['yHa0r3NC4fy7RmcwQOUNzA']
satorid,2.78923787703029,,,,,,"['lJjrpwotn2qbOqwPV65kdQ', '87SxDPWk7uEt4JcnXKxeBg']"
mquellhorst,2.78303219981135,,,,,,['sb2LZw8HRBL247no7zL4zA']
wkarshat,2.78073322478416,,,,,,['42hqsGSZc1q5ibUb0WhLYQ']
papa-raw,2.67588658645967,,,,,,['UkzVoBEQ0I00XZ3eAj0Hxw']
paulhaas,5.23489164431879,,,,,,"['UxLBWVq0zpcvoasM55JF7g', '8bj1rKSEptmgXckSM51SYQ']"
rubenr,2.5628033768775,,,,,,['UrpKI7eUEAnBktlQDlHElA']
mattyjee,2.55998434108584,mattyg,mattyjee,0x182312C44a219fD492F3aE177D11120a3CcD2EF3,mattyjee#8621,8.84439603401089E+017,"['3rCrJa6tVgDJtdP9t1pOEw', 'ne3yeeKmQpF5GrQCnBeCvg']"
paparaw,2.55854623279204,,,,,,['PrwiBMm1YLiEnx9BMJdzzQ']
gcf,2.48003897572152,,,,,,"['1SmcORjr7AjXd3E7DGvz8Q', 'pdrjNIXe1jjazwMG9DX7jw']"
efra,2.42478505586052,efraeb,efra,0x438cDDcc8E6f0E0E18CE33F6b5a8fFCFAb5A999c,efra#7972,7.69621045489173E+017,"['9nHmRyBMZrU1ReAIjHkc7w', 'eUo2BZIyw88rsBirxmZqkA']"
angelakte,2.39758469737649,,,,,,['Ue2RGPpS31igG824JJD38A']
emjicy,2.39463291410207,,,,,,['GlylZm52ojMnEcPrZ9GWHg']
pacobacpac,2.37339129257581,,,,,,['r2LF5dPmQTMljBg6byen5A']
bvalosek,2.30261373676204,,,,,,['0BQ9mpVAeTROp3DCjU31Wg']
aanunez,2.30261373676204,,,,,,['gUgLJFb2fAqkllKVTGnwPA']
richa,2.2539809758902,,,,,,"['JxcRekuaX9OCe4PbXvVbqw', 'fZJB2sjERBwok4KwJ7Rs7A']"
pab,2.24880849390161,,,,,,"['Y6rKDk9P1saZ187nEFpxYg', 'afAjig2j2uNUViYG3RgB2g', 'ce0sqm26uomx8VygBIJ68A']"
csggene3,2.23620467436324,csggene3,gene,0x4318cC449b1cbE6d64dd82E16abE58C79E076C2B,r33pich33p#6906,3.36423896599232E+017,['N59AgyPg71UQ3tZ76AhMEw']
block007,2.20926826030907,,,,,,['v5SrNx0qV4BLsJFyPWkCbA']
ratio,2.1184926960484,,,,,,['p1eB0y09Z5azqwIwdhVwFg']
curlybracketeffect,2.08728364937807,,,,,,"['63jahrm9VN7txY0NWIYBig', 'W3Y6Ck6jTzoLLlyegD2R4Q']"
luisotravez,2.06512661882369,,,,,,['oaJokgy4PWMWiwSAbYoq0Q']
xm3van,1.87521186782943,,,,,,"['ZL9QOrcvhvXRCVT7SV9ZVg', 'HDOMcZs1mWmLUnQwoz0v5w']"
kant,1.85862292204713,,,,,,['hgPu8tDL3opB5br2CYgzDQ']
johannsuarez,1.83892317965739,,,,,,['ydVfgbU7WsPeanO3c0J76Q']
jasontphelps,1.83550635996346,,,,,,['ZFlkP9P6laMhBnYZLg27XQ']
c0mput3rxz,1.79081072952321,,,,,,['l9GMm1QHVzPsLtdDKRgWPA']
teamyonks,1.78428352924891,,,,,,['TdpPQYVvMwW3Px0DR8Eglw']
ataberkcasur,1.75241565880936,,,,,,['OZvwaGjg1BC9pTY4pYKtmg']
t-rossi,1.71967082030659,,,,,,"['n6nflseS4TB293eD0b09qw', 'aXm7njN4Owc08UBPz5eJqw', 'fYjkDgAK3ojObTK8i8GDEg']"
domik20,1.71935831529955,,,,,,['Pc3LuW4soKp93qSBzsaNSg']
maxwe11,1.70405515279651,,maxwe11,0x3F20a6fE04b3A4b37bBBBea826ae23be56Baed74,maxwe11#7157,1.44927134492787E+017,"['mcVV5intjiL3DdvVYwj1Rw', 'kzMszfW0NznerqGvkjelwA']"
dekanbro,1.68700244231265,,,,,,['21E2MC3uZjqSjq6OBGrmmQ']
marcodarko1,1.68700244231265,,,,,,['oU9YqMwhMNKyMMxG5NpC5g']
donkarabi,1.67317925055477,,,,,,['P5PYKfqK22b9oV3PIkojAA']
andy-hook,1.66517917165148,,,,,,['xTzOQxkyqntbQIw0994PVg']
0xddde,1.6548216271778,,,,,,['M8MDCawve21jzn9K5Y0mlg']
farty,1.56238680469437,,,,,,['fE3Vc42d2cV1f0U7p8HQeA']
zion-code,1.55247084553044,,,,,,['mziEWEdu6aJUlfGbafdTRQ']
harthor,1.52053624640058,,,,,,['BH2wr1YLBGRCmVtMFW8Xcw']
sohkai,1.45265003217659,,,,,,['y6TBltNMowUQ32NXOgzPuQ']
michael-a-heuer,1.36710685795094,,,,,,['4Y7IDsQAfyD6ra7l4J2qyw']
prohg,1.36235322215071,,,,,,['Hjug8BLBoAGDZFEpGggJxQ']
ekeneodigwe,1.31299042024391,,,,,,"['7Xe1I1NjtvIgd8rUE7JVDw', '4F3DcepnaPAcjkxnGIE4jg']"
danibelle,1.23937777496077,,,,,,"['KJy5OKfq2X9RH2VreGAgog', '7ZdNzLrbaCp7y6C6pG2DSQ']"
danielo,1.16728142600382,,,,,,"['NU4GMvnXCeLgewMmbwlElA', 'cBmh9gK8czOeH8Nr2rEmDA']"
ishanjain28,1.15130686840571,,,,,,['T9Ys6D7LqUz5bKTaA5JNwg']
wirjo,1.15130686840571,,,,,,['RZJ28vKLFJs2pImN17ZU7Q']
seb-ethmonk,1.15130686840571,,,,,,['XpDy0ujeZQU9zFwAxq5B0A']
0xmodene,1.15130686840571,,,,,,['75T0tyXzE4sxp0b9HYExHQ']
kristofernoaccess,1.15130686840571,kristoferlund,kristoferlund,0xa32aECda752cF4EF89956e83d60C04835d4FA867,kristofer#1475,3.88E+017,['XJAmjvvSJodGDCnMv4rr5g']
fabianschu,1.15130686840571,,,,,,['kAWvz1PBTzyMXevEPi3vdg']
murphy,1.15130686840571,,,,,,['6YBXO13SMhndp1KGvAhW5Q']
sepandhaghighi,1.15130686840571,,,,,,['W0yo4ZJkxTEEkqyyXNl0aA']
erichdylus,1.15130686840571,,,,,,['1JOTMsguKbSqSrsQikaa9A']
p-murli,1.15130686840571,,,,,,['LlXsgiQ3JeCVN0QzEyBc9A']
a-jwc,1.15130686840571,,,,,,['pXjFYBYcR6CB4Rv8uVUmRw']
georgesmith9914,1.15130686840571,,,,,,['SR5JKSAsofwaZ6tVFz8pjg']
panteo92,1.15130686840571,,,,,,['9km5zvgDj77VPKKP6YLQqQ']
brandoniles,1.15130686840571,,,,,,['ClLmX80W6AZgAOzN9wHQQw']
manualzuru,1.12704414580117,,,,,,['U5vAoK89AGEflFWXB1oQpw']
biancagadelha,1.04218245843232,,,0x1375847014BA64517210cBFE185808232Cf45d4a,BiancaGadelha#2667,8.69940637594714E+017,"['J9yMAWUB0As4UkqYpA1qIw', 'lgVMSXeXGNmKxP4IAVf9Pg']"
mayasierra,0.860873526787272,,,,,,['WQXAroZNbFK5c37sJkGEAg']
roveneliah,0.732632146710595,,,,,,['5c81vzdJmcRBZYoR2yZBWA']
kelsien,0.714242648183749,,,,,,['HpyIKk2qre3N3Q53sqZLtw']
fobey123,0.68920490700194,,,,,,['W4OwRHMGwk9TjFG4X1eKtg']
tiberiusb,0.6820381646134,,,,,,['xVC1TAs2gNM4Rv0PGmOzrA']
marc,0.664938370395751,,,,,,"['ixR4pc1Q4TZrZRVOAfR2Dw', '4CVXhrxPczdgEA3dXUP16A', 'fVZWEeWbjCR4qq2wo1mjNw']"
guccukudo,0.654906199950602,,,,,,['ZRiN0NZ7h4uz49SOdCBuBQ']
maindefi,0.649523129125509,,,,,,['HD28qW7kbXll053g0ptLIQ']
unclebimbim,0.644619205875434,,,,,,['w7LoKq4r1JddMUqq3IjxBQ']
tony888,0.640168248645364,,,,,,['J9w8r11s59QPoXUWVEjY1A']
anatech,0.626458385389925,,,,,,"['QVSd6JQ1rNdT6E3HmROFQg', 'b5gS43YNuOCNvWWkEryR0g']"
rohekbenitez,0.595663613966853,,rohekbenitez,0x6C965b656C450259a6D4d95A2E68Fb4319EecBc0,rohekbenitez#8753,7.66413634607776E+017,"['eZndrvVZnOaikpxqPXKFJA', 'DLB9gXanlmAOauoAjDQncw']"
phacker3,0.592544436256504,,,,,,['3IDBgPo2roxNRb5Uk2So4A']
radical-sociologist,0.590632627647159,,,,,,['T6q3S0GwTaac3Dj8udAsRw']
joshuavial,0.395137614633816,,,,,,['q0NyG0ja5fYMofDqj9VwLQ']
patriciatea,0.359196806879189,patriciatea,pat.zip,0x9F6b969Ee3F9C2b0a528b3029049e34BBD4bdB49,pat.zip (te academy)#5266,9.02543185367142E+017,['bqiO0g0K4K1N75xP1oNdsw']
