name,discord_username,github_id,discourse_id,sourcecred_id,address,discord_id,totalGrainPaid,totalCred
0xGabi,,,,IeafXYmQF8AnzJdByLcLKw,,,,20.205440059097803
0xModene,,,,75T0tyXzE4sxp0b9HYExHQ,,,,1.1525861667847852
0xNuggan,Nuggan#5183,0xNuggan,0xNuggan,dLhPd4wwvLqINWBGjKURvw,0x0Bf920dfE6D36829aB5b0e153857D4CA689E46fB,714915268329078894,0.0,0.01
0xdddE,,,,v31i2ewwYm8yjTx9soPvXA,,,,1.6575471398640214
AL0YSI0US,,,,2IvGvXRbmQH2X6IM8sRyFQ,,,,44.755434991452766
AL0YSI0US-github,,,,kasDSxZf75ZmolF34Jy7KA,,,,15.224958102107347
AnaTech-discourse,,,,QVSd6JQ1rNdT6E3HmROFQg,,,,0.6270238820516193
AngelDeBenji,,,,1A8G9FAAkjbVVqa2s3kuKw,,,,112.30952927168518
AngelaKTE,,,,Ue2RGPpS31igG824JJD38A,,,,2.391276933176987
AshleyMaas,,,,yHa0r3NC4fy7RmcwQOUNzA,,,,2.782499872567063
BiancaGadelha,,,,J9yMAWUB0As4UkqYpA1qIw,,,,1.0430518864840497
Big-Gray-Al,,,,geAOXOaaaNuJ9kYPIxL9oQ,,,,35.87638524071987
Blazingthirdeye-github,,,,X6EJkYl3phqfJ4Jw563Fqg,,,,2.466007603643761
Block007,,Block007,,v5SrNx0qV4BLsJFyPWkCbA,,,0.0,2.211289648782548
Boonjue,,,,514vW4Qqt2oY4rKkjw5tzg,,,,3.0104261092562488
BradleyC,,BradleyC,,6NlouXeVAbtjH5zvPxNBOQ,,,0.0,20.000109950456764
CFWHISPERER,,,,2L8lbyJPuEL0UVj3T5Bi7A,,,,32.68793386560254
CarlGocht,,,,Rk78WJD7vyLvr4O6wZnnsQ,,,,16.781056347956852
CharlieX,,,CharlieX,wA6D2Cvr4YsBnON1PDUw0g,,,0.0,11.534430996925437
Costa-discourse,,,,UreDAOIq3VmpyZWLNS2aYA,,,,29.418609870849547
Costa91,,,,qc8dQFBpgRxc8gWdGZYJZQ,,,,9.617945691060749
CrazyKay,,,CrazyKay,Jz0tLKLpIArgDAdrzqvMoQ,,,0.0,2.8848806191630505
Cryptographr,,,,6MnIwqPZZe9zL3rmI6y2uA,,,,3.471233732885916
CurlyBracketEffect,,,CurlyBracketEffect,63jahrm9VN7txY0NWIYBig,,,0.0,2.08930665812403
Danibelle-github,,,,KJy5OKfq2X9RH2VreGAgog,,,,1.2406103593888544
DecentralizeSDGs-discourse,,,,NOazaKnJSVxWnoNJA5xoYQ,,,,5.765937471034845
Domik20,,,,Pc3LuW4soKp93qSBzsaNSg,,,,1.716865557349902
Efra-discourse,,,,9nHmRyBMZrU1ReAIjHkc7w,,,,2.425706368774624
Ekeneodigwe,,,,7Xe1I1NjtvIgd8rUE7JVDw,,,,1.3045257833667463
ErichDylus,,,,1JOTMsguKbSqSrsQikaa9A,,,,1.1525861667847852
Evalir,,Evalir,,3lsGvixr3nj1MBlV7ZuwrQ,,,0.0,31.75813970727297
Evo,,,Evo,Tww4DUOq2MTyCJKdD3LFbA,,,40.63895977944694,10.88741279285995
Fobey123,,,,W4OwRHMGwk9TjFG4X1eKtg,,,,0.6898061868917689
GCF,,,GCF,1SmcORjr7AjXd3E7DGvz8Q,,,0.0,2.478497884204056
GetVested,,,GetVested,c86rw0hweJduxgXjwydR0w,,,0.0,6.56123976482735
Gijsio,,,Gijsio,iqKXh2xBUyIgdAQ4lTGN2A,,,0.0,4.285667353967469
GreenHornet-discourse,,,,DdZXMB0Wjt5QUzaf8xjNsw,,,,4.039023970650309
Griff,griff#3281,GriffGreen,Griff,ET0yY6EZd8gYCWBNobntGw,,395673197615513600,2442.177877119206,1574.4613843268978
GuccuKudo,,,,ZRiN0NZ7h4uz49SOdCBuBQ,,,,0.6528264210776255
HBesso31,HBesso31#4560,,HBesso31,wVi1JPO2XMXMFJPIMDy4iA,,492783003676835842,35.50405842132431,22.53899030105496
Harthor,,Harthor,,BH2wr1YLBGRCmVtMFW8Xcw,,,0.0,1.5220745872598922
Heater-discourse,heater#9765,,Heater,w7FJSpfMI7GsvkhgENYKuA,0x57F540a736a647EF2d2Ef9Cd823C4a4e655858a4,765317807952494634,0.0,39.68689092084293
Ionneto,,,,u4omPRenm84MmwsAcGcPuA,,,,3.545895491664285
JME-discourse,,,,EwuMPPGtaiVapDU2bdtxWg,,,,6.235731352592421
JeffEmmett,JeffEmmett#7202,Jeff-Emmett,JeffEmmett,zpOhAq0V2ekJ8JTz7vZ7OQ,,379773201405706260,269.43825457417705,124.612978426134
JessicaZartler,JessicaZartler#2263,jessicazartler,JessicaZartler,4ap2sqiWg4qMj36zgeANKg,,734527275630067746,1808.9595809692307,548.6835066586418
JohannSuarez,,,,ydVfgbU7WsPeanO3c0J76Q,,,,1.8409612001670788
JuankBell,Juankbell#7458,JuankBell,Juankbell,duekPnf8mUPCXp5ygxFEzg,,749990807238607020,708.0183953093584,460.5264130452962
KZFlyer,KZ Flyer#0926,KZFlyer,KZFlyer,0dIAoa7J10u5AkMLAZpsxw,0x343EF442adD9bd565D51b606f444F9221AD0Aeb6,433877864849473557,31.78820868629256,16.994356176689955
KZFlyer-github,,,,0Cz18hYNrgJFr7G9tyviKg,,,,4.792204368781625
Kisgus,,Kisgus,,7gaYZaa6VrmmwmgxyEoneA,,,0.0,3.457758500255089
Kojak,,,,cvVub3CxNehm20E3F11bIg,,,,28.364133041856167
LBS-discourse,,,,aTEQkkaJko19BdPRJwydLg,,,,3.489074436006152
Letty,,,Letty,lA284bvU4x5gSQsXS97TJA,,,0.0,29.565748422242585
LexBirdie,,,,xnnAuV5sB4tnnO4eH3ymsg,,,,3.092959099057768
LinuxIsCool,ygg_anderson#4998,LinuxIsCool,ygg_anderson,elMNuPEwhDJbWWcKEbOJ1Q,0x763d7D362B59aeA3858a92a302e18cd41b1252d4,659828514924658688,0.0,67.80978054143254
Maindefi,,,,SY9gkwoSxxd7d4j589d17g,,,,0.6499763742856028
ManuAlzuru,ManuAlzuru | &#x1F951;#5047,,ManuAlzuru,U5vAoK89AGEflFWXB1oQpw,,399892650666229770,5.486971443814015,1.1282105267510265
ManuelMaccou,,,,N2BJeJ64sWr1bzrvxIM9Cw,,,,6.802300869775064
Marc-discourse,,,Marc,ixR4pc1Q4TZrZRVOAfR2Dw,,,0.0,0.6656639864967492
Mateo-Daza,mateodaza#3156,,mateodaza,SW3QLzfLRvQkXcmy4MxMNg,0x00d18ca9782bE1CaEF611017c2Fbc1a39779A57C,692168538181599232,101.82524012804832,111.54184742228016
MaxK-discourse,,,MaxK,BtlReOsdMixKt3NyYpxY8g,,,0.0,8.257044586862431
Maxwe11-discourse,,,,mcVV5intjiL3DdvVYwj1Rw,,,,1.704011091161811
Merlin,,,Merlin,Sw52DwDVtQQ7N7ZrEfaA2Q,,,0.0,5.752963034309478
Mertozdal-github,,,,AV6GhQrNewcyzzoo7emoDg,,,,3.6069981062722274
Mettodo-github,,,,vm7Iy7DrNFxKDmPTPeyMbg,,,,1.345371296401451
Michael-A-Heuer,,Michael-A-Heuer,,4Y7IDsQAfyD6ra7l4J2qyw,,,0.0,1.368528571373599
MoatazAR,,,,C1OvLwcD8YpQoDzJtDnfJA,,,,4.794587528660105
Monstrosity-discourse,,,Monstrosity,QooKidh903FG3z7r4Ww1UA,,,0.0,18.72386362624552
Mount-Manu-discourse,,,Mount_Manu,54pPzfgbn7NVRx9sET7wlw,,,0.0,140.9678469809761
MrMadila,,,,eZH5b13ToWtzr1z7URwB6w,,,,22.17798357749925
MrsBadgerface,,,MrsBadgerface,8CYWWHWr2szCJPfLpIYA4w,,,0.0,63.4201009777564
MrsBadgerface-github,,MrsBadgerface,,u6jl5EaAQvBzzwuKlUMT2A,,,0.0,14.812509026652831
Nuggan,,,,r0vZG1IXLmoVZ49GgHKJ8Q,,,,559.3248086557637
PJColombo,,PJColombo,,qg032DF3AY9rtOCPMxxPzw,,,27.27486762158264,113.98488466405342
PabloCGL,,PabloCGL,,pUQivmb1dZ2xf0cZrB2zDg,,,0.0,0.01
PatriciaTEA,,,,bqiO0g0K4K1N75xP1oNdsw,,,,0.3595588409560071
Paula,,,Paula,S2Rpx2XtaTbvUad3dF2qkg,,,0.0,8.221151279723994
Phil,,,Phil,hb2p3ewa4JpNpG88w4MABQ,,,29.684310635838017,12.624155099247142
PhilH-github,,,,gowzr68aUjqB65WC88A2vQ,,,,4.852537818067982
Radical-Sociologist,,,,T6q3S0GwTaac3Dj8udAsRw,,,,0.5911623897938174
Ratio,,,,p1eB0y09Z5azqwIwdhVwFg,,,,2.1175658884281634
Raul-discourse,,,Raul,anhbNeEVgF60qvwFW1tDNw,,,0.0,3.189277645224588
Razga,,,,nmjdTpm5CgrhKOD9P7SB1w,,,,2.929046633429304
Rohekbenitez,,,,eZndrvVZnOaikpxqPXKFJA,,,,0.5963036904502729
RubenR,Ruben Russel#6434,,RubenR,UrpKI7eUEAnBktlQDlHElA,,499196313473122313,10.658509110515531,2.512080265879731
SHBrennan,,,,d7ANp4Q9SvRY0CrtwsLoLQ,,,,4.612153344605758
SatoriD,,,,lJjrpwotn2qbOqwPV65kdQ,,,,2.78697892974006
Seb-EthMonk,,,,XpDy0ujeZQU9zFwAxq5B0A,,,,1.1525861667847852
Shermin-discourse,,,Shermin,QVLQ8TObC1WI4gTjLnELOQ,,,0.0,12.020513007976769
SourceCred,,,,1ESoqJnD8rY0dKKnQ8frtw,,,0.0,944.2210765039114
Suga,Suga#8514,danelsuga,Suga,ReYHrv8KxmqyJmOF038YOw,0x2fEe53687906bA239602eD42CCEee2aC8A4ADa36,786574925951008788,93.0368491291066,53.52692218741602
Tam2140,Tam2140#9361,tamarandom,Tamara,Pr99oqKVAcabvan7J6PHgw,0xcf79C7EaEC5BDC1A9e32D099C5D6BdF67E4cF6e8,751417874886688798,0.0,0.01
Tamara,Tam2140#9361,tamarandom,Tamara,BOpBtopaQXL8lQeTmted3A,0xcf79C7EaEC5BDC1A9e32D099C5D6BdF67E4cF6e8,751417874886688798,2763.0759571585672,1495.4504252652046
TangBaiFeng,,,,n2ZY2ZDePOvHV6q36tlF5w,,,,30.933050267651133
Tannr,,,Tannr,Gm69GgxjGEwe9MAS2sNobQ,,,132.4575178828873,29.281335840292645
Taz-discourse,,,,4SZC6GH5XRO4ZdtRAAbbxQ,,,,6.221797887875892
TeamYonks,,,,TdpPQYVvMwW3Px0DR8Eglw,,,,1.786174822892688
TiberiusB,,,,xVC1TAs2gNM4Rv0PGmOzrA,,,,0.6816067615450452
Tonga,Tonga#3112,,Tonga,TzIeoV93DiaIbB0N96YseQ,,392867630891139093,381.6420434167882,108.5233307971637
Tuath,,,,VX0ywzfe3y0UvZhJBtgVrA,,,,3.016333740212311
TylerBoardroom,,,,xhOcQzwGWNJRrarQuPLglQ,,,,109.94071983410542
UncleBimBim,,,,w7LoKq4r1JddMUqq3IjxBQ,,,,0.6454361596063589
Vyvy-vi,,Vyvy-vi,Vyvy-vi,7iQuAWGd9k837zm3NTRavg,,,386.7632069895543,595.0939278791412
ZER8,,,ZER8,U9h9X9KrZn4iyjT3mqDX7w,,,0.0,10.272888923490036
ZarMarquez,,,,pZLLf5rLrNQ5YYJnZdCqpA,,,,9.196157218985974
ZarMarquez-github,,,,oRJGzXbvrEw94PaqOLrEuA,,,,3.5864447711334675
Zeptimus,Zeptimus#3359,Zeptimus,ZeptimusQ,GZcrLnnCM7qtee2QxoMF9g,0xaa79B87DC8B046A5E4f7D03F1562D7fe5BF98737,183879548394274816,869.9580598310606,769.2286165807055
Zion-code,,,,mziEWEdu6aJUlfGbafdTRQ,,,,1.5539023636649567
a-jwc,,,,pXjFYBYcR6CB4Rv8uVUmRw,,,,1.1525861667847852
aanunez,,,,gUgLJFb2fAqkllKVTGnwPA,,,,2.305172333519938
acidlazzer,acidlazzer#5796,acidlazzer,acidlazzer,fkXSL37MUORONdyIp2K9eQ,0x8aA27E90E139d5AB5704df69429341cbCb2d2464,587095069115285524,0.0,26.280680051954025
acidlazzer-github,,,,rd6qGYHvn81xReTMs1Od2w,,,,23.25011119184548
akrtws-discourse,,,,59i8fD5Sk3nFVVtJhRyUQg,,,,87.37373511526839
andrewpenland,,,,mQEJ7vXKA6xIJHex7JEXlA,,,,17.300603543624955
andy-hook,,andy-hook,,xTzOQxkyqntbQIw0994PVg,,,0.0,1.6670294640726733
anthonyoliai,,anthonyoliai,,hR43q3TZ1ZCjpb1V83pNLg,,,13.935376893415562,31.19590426602613
ataberkcasur,,ataberkcasur,,OZvwaGjg1BC9pTY4pYKtmg,,,0.0,1.7539942255181171
baartch,,baartch,,BdBzrNptWPySKNGKR8vETA,,,0.0,3.2333777270796142
bear100-discourse,,,,5papbuqIE9rXmXJRWtqlKA,,,,12.54527757010973
bearhub100,,,,e6SRu4KNeS0L5x309c4k1w,,,,3.2996834427039152
befitsandpiper,,,,eSBp50UesxjU4iORayGpoA,,,,3.4577585003047373
bends,,,,jRg49FB3TkQOvOdAndKANg,,,,27.44277970638991
bhargavkakadiya,,,,lDKKaAJOWjnrnnZFwu3fLQ,,,,8.068103167195702
blazingthirdeye,,,blazingthirdeye,HLXHQgFzO8IEKx8D4z2gNA,,,0.0,71.90459076828354
bpierre,,bpierre,,IoMDRoeXb8ILvNvjY60bxQ,,,0.0,3.7816074124978094
brandoniles,,,,ClLmX80W6AZgAOzN9wHQQw,,,,1.1525861667847852
brymut,,,,VElomZar6G1VnD385a9s0w,,,,3.457758500255089
bustavo,,,,b0aT4FvCrYrRA1Ur82XuOA,,,,1.7595334136479623
bustavo-discourse,,,,hnd15OIzLZtOfGGDtDAsjQ,,,,12.618389594888685
bvalosek,,,,0BQ9mpVAeTROp3DCjU31Wg,,,,2.305172333519938
c0mput3rxz,,,,l9GMm1QHVzPsLtdDKRgWPA,,,,1.7910456871795413
catall,,,catall,dckiOvUb2L6xNMAAjBVjAw,,,0.0,3.112929337138776
cedrickxyz,,,,7dZXOSG4Twyl7qC2asN5og,,,,3.457758500255089
chuygarcia92,chuygarcia.eth#6692,chuygarcia92,chuygarcia92,ZWNbgl1noFkSqr37CyhGow,0xB22981bA3FE1De2325935c91a3B717168fB86714,727934296387616848,220.2397680755041,323.192869522649
clara-zi,,,,uEbA6ki86xGNLCPJXOBmSg,,,,3.2539612140646383
cleanapp,,,,jiynGSlCjvf4pQmZPo9vRw,,,,3.535318057613196
cranders1,AmwFund#0979,cranders1,cranders1,2xX69XcgLBvkq5ZwV2y7rw,0x536c7E8F18D09d04697E0d2624b44bBA575388c2,655144629481635841,241.12649507476544,74.16421694557205
credbot,,,,M7Ta1uVgniBzK3PDxB9WHg,,,,13.831034000921152
crisog,,,,6vWueYzqtrbQnDrYqxJy7Q,,,,94.53340338916176
csggene3,,,,N59AgyPg71UQ3tZ76AhMEw,,,,2.2066356063547263
dRAT3,,,dRAT3,lcmC50dWg7NNRjg457E83Q,,,0.0,9.107349976047656
daithi,daithi#9055,daithi-coombes,daithi,XVC5wlG8vSjV5ZS3OR9MXg,,439383515944058881,71.78555039960503,27.57397597953154
danelsuga,Suga#8514,danelsuga,Suga,UYJ01LogpK0L6kwBjJKmkA,0x2fEe53687906bA239602eD42CCEee2aC8A4ADa36,786574925951008788,131.8020330145612,104.91270468635769
danielo-discourse,,,,NU4GMvnXCeLgewMmbwlElA,,,,1.166352808626779
danlessa-discourse,,,,T2Jo7SYVv5iQwie7VocR5Q,,,,4.204889205391103
ddan,,ddan4,ddan,uLxpHZxGaW9BGmSdWYgRaA,,,62.24535863197665,116.15196533462958
dekanbro,,,,21E2MC3uZjqSjq6OBGrmmQ,,,,1.6870639557544571
dependabot,,dependabot,,W2SwpmJSBgjTjqAkfBuXIA,,,0.0,7.53220101305192
divine-comedian,divine_comedian#5493,divine-comedian,divine_comedian,Hakw7z8Zrf2vnbpz1FPfrg,0x320c338BCF70bAAaE26e96201C33B48105Bc62C2,288019500132073472,446.0509051924591,802.9571814019862
donKarabi,,,,P5PYKfqK22b9oV3PIkojAA,,,,1.6750384379902752
drllau,drllau#2628,drllau,,0u65wCvw3XLwbLQ7QijdhQ,,551837798399737879,99.2804594468527,24.62576594627384
drllau-discourse,,,drllau,jqR7p548bZXINNzc7NFP7g,,,0.0,6.898388206863408
durgadas,durgadas#9280,durgadasji,durgadas,i36ZRsX2r4eeBhxaRAwh0Q,0xfF6d6a7718A234A84f740480Dbb07f6c09cF1cD5,249005209710362624,0.0,31.51832336517424
durgadas-discord,durgadas#9439,,,ojpNAnXCJVoF0AY0xXdd4A,,775515475416973322,0.0,0.01
durgadas-discourse,durgadas#9280,durgadasji,durgadas,xmipVPPlK0Cr3x0vf1gFBg,0xfF6d6a7718A234A84f740480Dbb07f6c09cF1cD5,249005209710362624,0.0,0.01
durgadasji,durgadas#9280,durgadasji,durgadas,IvNF7eNyaGA0YzVsA7FOyQ,0xfF6d6a7718A234A84f740480Dbb07f6c09cF1cD5,249005209710362624,0.0,0.01
eduardovegap,eduardovegap#0422,eduardovegap,vegayp,NxVE6uDlQPByNRx1B0CyGA,0x1d921dff757610FbDB0073479e12c0a07d382677,573648007384530954,479.9444198730656,281.7544891419322
eeli,eeli#0534,,eeli,7iARkbO8SOnI2jwPM1T88g,,512745291313840128,51.59849476060207,9.844627840549034
eenti,,,,24Hq9sy4ZxALM8IWh1aNjA,,,,4.298075612882362
emjicy,,,,GlylZm52ojMnEcPrZ9GWHg,,,,2.397293764800755
enti-discourse,,,,2hnJBbNI2t2s1WDqu94VCA,,,,18.252453426900555
fabianschu,,,,kAWvz1PBTzyMXevEPi3vdg,,,,1.1525861667847852
fabriziovigevani,,fabriziovigevani,,ZQUaMankgsN2Uq2nDhx2mg,,,0.0,139.1704895325634
famole,,famole,,W35ogAZwxP7sx94jsETqRg,,,0.0,26.199701961317707
farty,,,,fE3Vc42d2cV1f0U7p8HQeA,,,,1.5638215906671558
felixbbertrand,,,,Et1YkeJ12pAWH2bcKQeU2Q,,,,19.12193162227189
fioreb,,fioreb,,haBxLCEYTb1ZUAgMAZ7qwg,,,24.531618884944564,6.449886203127357
foxdao,,,,2wNOmJZ1orOUZ0lY5loWtg,,,,12.361504897661924
freedumbs00,freedumbs00#3857,freedumbs00,Freedumbs00,YZFeL0BE1YdlCdiZULyZcQ,,780101341124886587,754.1545386885772,226.470788968264
freshelle,,,,xXoy17KlNJiEHYzsjIX4Bw,,,,0.5165240656200265
freshelle-discourse,,,,p7QFaqfMAtaqdjjn9Vv6eg,,,,20.86707230929798
gabi,,,gabi,RvkAJK4aFoVIeZZhAAk0AQ,,,0.0,18.2326148756328
gconnect,,,,Zw0fvvLrYTrpD05quRv3UA,,,,3.457758500255089
geleeroyale-github,,geleeroyale,,hXOgbgupaptpGeSKM3JBaw,,,0.0,14.928175829180546
gene,,,,y50K8dyQbtgK0QdpplO88g,,,,54.13139189748974
georgesmith9914,,,,SR5JKSAsofwaZ6tVFz8pjg,,,,1.1525861667847852
gideonro,GideonRo#3175,,gideonro,464rDE6RHDwC8DNYqcnkUA,0xB08F0ca73E8A59a1b7970e22B8ed2F9142c3fA53,343470788491476992,0.0,165.1828096599637
gideonro-github,,,,1xhOmI6qua9KbiaUKIKigw,,,,49.91303045454577
github-actions,,,,jwvKsw9ETvUQHL0mOaP8aw,,,,3.32053268081964
graial,,,,Ge8I1Vymxltyeb517Hdq6A,,,,66.45378998334951
haxelax-discourse,,,,okXcxCWubMXWbkQzy1Q6RQ,,,,3.2901871701111305
hernandoagf-github,,,,d5LhkRRSDTdrmwO9MKx6Gw,,,,137.92115779290253
hozzjss,,,,6l82wRUzsNvi3eJXfWQ82w,,,,40.27750096739857
hurek,,hurek,,DUosng8s9oJ7T9nlsOjbvg,,,0.0,72.14991467994814
innov8tor3,,,,HnkEOwNtdmBikgtjhZxPOA,,,,36.21499161174759
ishanjain28,,,,T9Ys6D7LqUz5bKTaA5JNwg,,,,1.1525861667847852
iviangita,iviangita#3204,iviangita,iviangita,7TOOsLar5Jnk7IAu0EIqiw,,753834288511713303,548.9055680022292,346.4944800653809
jasontphelps,,,,ZFlkP9P6laMhBnYZLg27XQ,,,,1.85616028320029
jds3d,,,,pg4JNwNv9881Vl9BsRsvnQ,,,,68.01503834499238
jeverettnichol,,,,ZPds9R8QHDT2K1488oSDSg,,,,6.56123976482735
jh-onchain,,,,x1trbEOM7yKmFNDHa76HWg,,,,5.079141547867495
joshuavial,,joshuavial,,q0NyG0ja5fYMofDqj9VwLQ,,,0.0,0.3955245139761668
kant,,,,hgPu8tDL3opB5br2CYgzDQ,,,,1.858837041710831
kelsien,,,,HpyIKk2qre3N3Q53sqZLtw,,,,0.7125613933235772
kevinknielsen,,,,0D5wUqAy7Z0kwDXVki5rTw,,,,294.24716119504296
klingefjord,,,,JxxXwpl4Zg4cROddCz5BGw,,,,6.561240011967806
knobsDAO-discourse,,,,oSgb08bcopOhQg1lDcGqYw,,,,3.928869838508597
knobsdao,,knobsdao,,2gES3MGJqpKYVSNBnQBkcQ,,,73.0402683823276,18.393704187573256
krisjpi,,krisjpi,,EC9pQPO2Dkr6vrba8yIKzA,,,54.619813307908025,28.137459895252995
kristofer,,,,SKwe7tLJqd1Q5idLJackbQ,,,,2515.7983406670123
kristoferlund,kristofer#1475,kristoferlund,kristoferlund,lVMZ47BZ6VINp7HqtXoAGA,0xa32aECda752cF4EF89956e83d60C04835d4FA867,388384931102982154,60.644391477611904,0.01
kristoferlund-discourse,kristofer#1475,kristoferlund,kristoferlund,rsJ7fjTOXUWWar5Gb7J4TQ,0xa32aECda752cF4EF89956e83d60C04835d4FA867,388384931102982154,0.0,0.01
kristofernoaccess,,,,XJAmjvvSJodGDCnMv4rr5g,,,,1.1525861667847852
lEscanore-github,,lEscanore,,n66y4EnwYl0pLkI7SQhxCw,,,0.0,6.235357177859248
laurenluz,karmaticacid#1218,laurenluz,laurenluz,FE8bRvmLfmv6zKfrVDe8Kw,0xC46c67Bb7E84490D7EbdD0b8ecDaca68Cf3823F4,492394339532800020,55.754363031358,69.76373540668419
laurenluz-github,karmaticacid#1218,laurenluz,laurenluz,LZflQJjRV2qaZKc2C03WTw,0xC46c67Bb7E84490D7EbdD0b8ecDaca68Cf3823F4,492394339532800020,0.0,51.87000741435512
liviade,liviade#1387,liviade1,liviade,XCvAJKrkF9714dUKaUZExg,0xF8D1d34956cEa24718cf8687588D6FeDbc6d9AA6,480023322080444427,1291.3074239406053,850.1357752300459
lkngtn,,lkngtn,,QvXbYsDrS85W1jFXYMHZLw,,,0.0,10.41651133257814
luisotravez,,,,oaJokgy4PWMWiwSAbYoq0Q,,,,2.067352620142708
maghaali,,,,iWK8bkU8dLtWhxqrijIlow,,,,44.1666590608422
marcodarko1,,,,oU9YqMwhMNKyMMxG5NpC5g,,,,1.6870639557544571
markatwork1,,,,l6q0EybQAwFm9BImq9z5cA,,,,9.887136248195102
markop,markop#2007,markoprljic,markop,sGrwHA6gJEhDAErTGMcq0w,,523401372188540939,1252.307877002183,460.2117408112596
marthendalnunes,,marthendalnunes,,sajBddm8qlGdY7Qt8GQmbQ,,,64.88827969792398,787.7885195606791
mattyg-github,,,,SmfwBAMJYZ2V0l7EAI1gQg,,,,1526.9255920548003
mattyjee-discourse,,,,3rCrJa6tVgDJtdP9t1pOEw,,,,2.553257747392489
mayasierra,,,,WQXAroZNbFK5c37sJkGEAg,,,,0.8616585768571555
mcsmith89,,,,ca8CLh8NFPs8VYu4XWlo4w,,,,21.09260496336642
mendesfabio,,mendesfabio,,G9OdZJeyTg2EFxDFPDjtLQ,,,0.0,347.3696124344309
mertozdal,,,,BnGYFoI5afLpBREReoXw5Q,,,,18.084076049940737
metaverde,metaverde#2503,metaverde,metaverde,lArgWtMBN0owKafQaXpdgg,,367484103089455108,48.341558993353374,32.5859936409136
mettodo,,,,izNgcjgRtwwgVBBxIqof3g,,,,14.33565122068964
mount-manu,,mount-manu,,c6OUrobvVXjorSmWOC0kCA,,,87.23135863400749,80.57678995301268
mount-manu-zz,,,,aug9Fqu7tzhKxbdL7XbMQQ,,,,31.014219322113743
mquellhorst,,,,sb2LZw8HRBL247no7zL4zA,,,,2.78426050397866
murphy,,,,6YBXO13SMhndp1KGvAhW5Q,,,,1.1525861667847852
mzargham,mZ#3472,mzargham,mzargham,y6pL386gxC0Z0LQMeTkbgg,0xDF290293C4A4d6eBe38Fd7085d7721041f927E0a,250086586450968576,0.0,35.80666983677002
mzargham-github,,,,opj8PvMI0DksLURbzRdvlw,,,,11.558711415487611
naomi-lgbt,,,,hqAkwef9sDlGAjsPk2DGdA,,,,35.828420648898216
natenatesoo,,natenatesoo,,kRYFk7ZHQarYRekF4YUDDw,,,194.7482775010877,181.0613213952066
natesuits,,,natesuits,iWqqv2iETnRkT97bJGtmhg,,,324.37444760424216,240.39713963667592
nebs-dev,,,,hyLKveQvjLYbr3PZJgDsng,,,,368.42965187273904
neilkt,,,,O5MwlXhLvql4i9CMIYbQQA,,,,3.617937262933193
netlify,,,,SVL82s5hpnHRGYYjhQMbyA,,,,34.508015147052895
nic,,,,3l6OJoZP8ck7MrgXjkxFNQ,,,,7.585596503297319
nickmartitsch,,,,51GoAKy7cZsg9yD2T2L6Gg,,,,39.97744169333496
octopus,,,octopus,xs8UmxH3fbDTr4roq2AEVw,,,0.0,51.12143070406511
onbjerg,,onbjerg,,eVEwRQ2GmpOmhVL4XyvAGQ,,,0.0,4.612153344605759
p-murli,,,,LlXsgiQ3JeCVN0QzEyBc9A,,,,1.1525861667847852
pab-discourse,,,,Y6rKDk9P1saZ187nEFpxYg,,,,2.2489174750453755
pacobacpac,,,pacobacpac,r2LF5dPmQTMljBg6byen5A,,,0.0,2.332899432489878
panteo92,,,,9km5zvgDj77VPKKP6YLQqQ,,,,1.1525861667847852
papa-raw,,,,UkzVoBEQ0I00XZ3eAj0Hxw,,,,2.677023047531796
paparaw,,,,PrwiBMm1YLiEnx9BMJdzzQ,,,,2.5469520290046392
patriacaelum,,,,at3erEO3n1LKLBrd8nJwpQ,,,,26.910460084604946
paul2-discourse,,,,X9lkE0vRSKS4mGpRXekVCw,,,,10.476416768248129
paulhaas,,,,8bj1rKSEptmgXckSM51SYQ,,,,2.5997075442473414
paulhaas-discourse,,,,UxLBWVq0zpcvoasM55JF7g,,,,2.6364240480942027
paulo-,paulo_#7945,,paulo,ayg2FKe6lH9vsj14xojEhQ,,460149781562523650,61.064259886947646,34.78681241929468
phacker3,,phacker3,,3IDBgPo2roxNRb5Uk2So4A,,,0.0,0.5932158411752745
philh,PhilH#1102,PhilH,philh,zmUdcnv3pkxwqEArWRXNTg,0xAa01DeC5307CF17F20881A3286dcaA062578cea7,165910079416041473,20.64906778090629,18.682124419661683
pinkhoodie,,,,zU6lYOAyxPPs0SLzaUbUNg,,,,3.4577598982737774
pkretzschmar,,,,G9DoSXONnl6tL2GB5nC9gw,,,,687.7031520018338
pmespresso,,,,rX3hvE2NFLHy7g6Ry3P0SA,,,,161.59520059294258
porobov-p,,,porobov_p,ztp33KrVGTLPdAPxKkpdkQ,,,0.0,11.297239971158232
prohg,,,,Hjug8BLBoAGDZFEpGggJxQ,,,,1.362623611837182
randomshinichi-discourse,,,,tNNJbIaVZI6QAtk3J6OM4g,,,,5.116761892172221
regencrypto,,,,PIDOzU6vkaDlmfK5ORGcWg,,,,7.00719203252095
renovate,,,,JYmmG4JyMl3K2v4xt4MAPw,,,,7.270775938821706
renovate-bot,,,,xDcoBarMLE2sYZOM8AhOEg,,,,5.9932344105897775
rex-discourse,,,,dMyxaGjQylyDRoeWcJLo6w,,,,2.531325679816581
rosamoc,,rosamoc,,8traortlh07mubQ9zCJXHA,,,99.23311899290672,33.5111232324376
roveneliah,,roveneliah,,5c81vzdJmcRBZYoR2yZBWA,,,0.0,0.7333480646135687
rperez89,,rperez89,,bjnndH4HokQLURvU2ZBnGA,,,0.0,133.24433270566445
santigs,santigs#9769,Santigs,santigs,VSm6fQE2OqXQEp6e52kAbg,,434632218246381569,608.0507704030545,216.6591110754664
santteegt,,,,I29jT03IolyGPtgeB7kj5Q,,,,17.59441944871935
saunic,,,,IqKASOWwc08SLl41vVjJIA,,,,2.894804864858603
sbilbao,sbilbao#9715,,sbilbao,7AWJaGhAVVkrugrjlEn2nw,,713828534958948402,50.50412431817441,25.181859519371447
sem,sem  &#x1F41D;#0161,sembrestels,sem,OYPr6j4d4IlPBlfwmnmWNg,,676517295643820032,1017.194946300014,654.8334242412558
sepandhaghighi,,,,W0yo4ZJkxTEEkqyyXNl0aA,,,,1.1525861667847852
sichen,,,sichen,O1kAqzNlOlG1Y45gjLXrNw,,,0.0,8.532895811385375
sidcode-discourse,,,,bPzlO4Ipqq8ubjgQpBURNQ,,,,3.671701577380895
singularityhacker,,,,aveQ5yDA4Cndx0PbwCvvPg,,,,4.808125761786896
sohkai,,sohkai,,y6TBltNMowUQ32NXOgzPuQ,,,0.0,1.4542641695408889
solsista,solsista#5370,solsista,Solsista,qHmKcWP1VSZwp7pEXtatJA,,466370740468318208,164.08838522466272,102.70406922283313
stef-discourse,,,,in5gF5JvlHJbzcyTqe1Qkw,,,,3.913544378786266
sudheerDev,,,,cqQecgI9lvbS9DAQvVwuNg,,,,88.70110511035763
system,,,system,YLL0KPUKda38hleL5NDhBw,,,0.0,12.842190730474064
t-rossi-discourse,,,,n6nflseS4TB293eD0b09qw,,,,1.7198706900533711
tecparamsbot,,,,gYky0agLwAEE8pcgF62Vfg,,,,575.5389524310382
teresacd11,,,,3dKK798Z8h4d4vA6QPXpNQ,,,,5.47243337919215
thefredo1000,,,,cdRI5i1ZSZRzbLUxlnaBjw,,,,19.28104414271981
thelastjosh,,,thelastjosh,sjB6uNZ0e8qTJdEnzLBN8Q,,,56.84002103085922,17.42410176954601
theode69,,,,3dR2mZYTEaf54YmPbm9zrA,,,,6.1757505000708965
tinahaibodi,,,,WVS7va6aM1Qn98aDdb5p2g,,,,9.740515556289369
tony888,,,,J9w8r11s59QPoXUWVEjY1A,,,,0.6408752973162584
tree-pi,,,,ZYk4OC45GooRx7cnH4wPbA,,,,57.378158921011895
trentmc0-discourse,,,,Unn2NOwMelkPtA8gVG8WsA,,,,8.884925933870932
twell-s,,,,7eAWNtd6dGP8Kx9mudIeAw,,,,5.544041094789431
twells,,,,uxblXOmRAqgWX6olmlSkRw,,,,9.009479382660595
vagpap,,,,ezC6Y3dhx6nejbzEayJjbw,,,,8.023679966465647
vasilysumanov,,,,OELj8ed4vwUGt8UeMiaotA,,,,4.40782653143764
vegayp,eduardovegap#0422,eduardovegap,vegayp,K75nyjCyrwIaaocVNNBphg,0x1d921dff757610FbDB0073479e12c0a07d382677,573648007384530954,178.85233841895516,99.7733939181524
vercel-github,,vercel,,lrcptYmJmPNOZ17KAyHWnw,,,0.0,36.367402500509925
vessenes,,,,DvqclcjLKjfNZ8dQ1EvzvA,,,,6.521222686992236
vic,,,vic,S6nkLF9A0qFxtV9b5Ha8Hw,,,28.81385557929788,6.2025998207394055
vivianedias,,vivianedias,,l1RBzLX5AADhl3VueDRagA,,,60.67950362606917,51.90384235597854
willjgriff,,willjgriff,,LEw4ujPRRRn6HZabOodtJw,,,0.0,66.94960506336604
willyogo,,,,lyRs3aIAAqtbh25SaYQoFA,,,,4.749625464719919
wirjo,,,,RZJ28vKLFJs2pImN17ZU7Q,,,,1.1525861667847852
witwiki-discourse,,,witwiki,qUVLkw1IxsksGTBS0OLuVw,,,0.0,0.6954381482049201
witwiki-github,,,,ZLQKd8Q7dfLkixCwJ9AVrw,,,,27.088263371044487
wkarshat,,,,42hqsGSZc1q5ibUb0WhLYQ,,,,2.77580495578765
wslyvh,,wslyvh,,3x3NC602Ia9sg5QQtMBQ4g,,,0.0,7.481733083527627
wslyvh-discourse,wslyvh#1059,,wslyvh,MOaLoPwjNKj1FARh0QOY3A,,615886828582469635,99.33075479038122,40.69150794426583
xm3van-github,,,,ZL9QOrcvhvXRCVT7SV9ZVg,,,,1.877293036199682
yarode,,,,W7hRsGkW9A65mX699583ag,,,,51.59068697514086
ygg-anderson,ygg_anderson#4998,LinuxIsCool,ygg_anderson,ip2eEaDGiz7ydHaUOAJetA,0x763d7D362B59aeA3858a92a302e18cd41b1252d4,659828514924658688,743.496438353387,277.8377145984638
zhiwei,,,,ZnzQIonT4tqsmk2Ilp70Ww,,,,21.40912939320195
zxqx,,,,52RNq9lhLGMtrZpNRldJsQ,,,,98.96612555460332
